[
  {
    "model": "docs.doctype",
    "pk": 1,
    "fields": {
      "type": "1"
    }
  },
  {
    "model": "docs.doctype",
    "pk": 2,
    "fields": {
      "type": "2"
    }
  },
  {
    "model": "docs.doctype",
    "pk": 3,
    "fields": {
      "type": "3"
    }
  },
  {
    "model": "docs.category",
    "pk": 1,
    "fields": {
      "doc_type": 1,
      "color": "#9575CD",
      "name": "발송공문",
      "parent": null,
      "order": 1,
      "active": true,
      "default": false
    }
  },
  {
    "model": "docs.category",
    "pk": 2,
    "fields": {
      "doc_type": 1,
      "color": "#558B2F",
      "name": "수신공문",
      "parent": null,
      "order": 2,
      "active": true,
      "default": false
    }
  },
  {
    "model": "docs.category",
    "pk": 3,
    "fields": {
      "doc_type": 1,
      "color": "#5C6BC0",
      "name": "결재/회의/보고서",
      "parent": null,
      "order": 3,
      "active": true,
      "default": false
    }
  },
  {
    "model": "docs.category",
    "pk": 4,
    "fields": {
      "doc_type": 1,
      "color": "#43A047",
      "name": "계약서/협약서",
      "parent": null,
      "order": 4,
      "active": true,
      "default": false
    }
  },
  {
    "model": "docs.category",
    "pk": 5,
    "fields": {
      "doc_type": 1,
      "color": "#8D6E63",
      "name": "고시/공고",
      "parent": null,
      "order": 5,
      "active": true,
      "default": false
    }
  },
  {
    "model": "docs.category",
    "pk": 6,
    "fields": {
      "doc_type": 1,
      "color": "#607D8B",
      "name": "내규/서식",
      "parent": null,
      "order": 6,
      "active": true,
      "default": false
    }
  },
  {
    "model": "docs.category",
    "pk": 7,
    "fields": {
      "doc_type": 1,
      "color": "#9E9E9E",
      "name": "인허가/등록증",
      "parent": null,
      "order": 7,
      "active": true,
      "default": false
    }
  },
  {
    "model": "docs.category",
    "pk": 8,
    "fields": {
      "doc_type": 1,
      "color": "#BDBDBD",
      "name": "기타문서",
      "parent": null,
      "order": 8,
      "active": true,
      "default": false
    }
  },
  {
    "model": "docs.category",
    "pk": 9,
    "fields": {
      "doc_type": 2,
      "color": "#A1887F",
      "name": "소장/신청서",
      "parent": null,
      "order": 1,
      "active": true,
      "default": false
    }
  },
  {
    "model": "docs.category",
    "pk": 10,
    "fields": {
      "doc_type": 2,
      "color": "#9E9D24",
      "name": "원고제출문서",
      "parent": null,
      "order": 2,
      "active": true,
      "default": false
    }
  },
  {
    "model": "docs.category",
    "pk": 11,
    "fields": {
      "doc_type": 2,
      "color": "#689F38",
      "name": "피고제출문서",
      "parent": null,
      "order": 3,
      "active": true,
      "default": false
    }
  },
  {
    "model": "docs.category",
    "pk": 12,
    "fields": {
      "doc_type": 2,
      "color": "#9E9E9E",
      "name": "기타수신문서",
      "parent": null,
      "order": 4,
      "active": true,
      "default": false
    }
  },
  {
    "model": "docs.category",
    "pk": 13,
    "fields": {
      "doc_type": 2,
      "color": "#66BB6A",
      "name": "사건위임계약",
      "parent": null,
      "order": 5,
      "active": true,
      "default": false
    }
  },
  {
    "model": "docs.category",
    "pk": 14,
    "fields": {
      "doc_type": 2,
      "color": "#9575CD",
      "name": "판결/결정문",
      "parent": null,
      "order": 6,
      "active": true,
      "default": false
    }
  },
  {
    "model": "docs.category",
    "pk": 15,
    "fields": {
      "doc_type": 3,
      "color": null,
      "name": "사용자문서",
      "parent": null,
      "order": 1,
      "active": true,
      "default": false
    }
  },
  {
    "model": "docs.category",
    "pk": 16,
    "fields": {
      "doc_type": 3,
      "color": null,
      "name": "기술문서",
      "parent": null,
      "order": 2,
      "active": true,
      "default": false
    }
  },
  {
    "model": "cash.bankcode",
    "pk": 1,
    "fields": {
      "code": "002",
      "name": "산업은행"
    }
  },
  {
    "model": "cash.bankcode",
    "pk": 2,
    "fields": {
      "code": "003",
      "name": "기업은행"
    }
  },
  {
    "model": "cash.bankcode",
    "pk": 3,
    "fields": {
      "code": "004",
      "name": "KB국민은행"
    }
  },
  {
    "model": "cash.bankcode",
    "pk": 4,
    "fields": {
      "code": "007",
      "name": "수협은행"
    }
  },
  {
    "model": "cash.bankcode",
    "pk": 5,
    "fields": {
      "code": "011",
      "name": "NH농협은행"
    }
  },
  {
    "model": "cash.bankcode",
    "pk": 6,
    "fields": {
      "code": "012",
      "name": "지역농축협"
    }
  },
  {
    "model": "cash.bankcode",
    "pk": 7,
    "fields": {
      "code": "020",
      "name": "우리은행"
    }
  },
  {
    "model": "cash.bankcode",
    "pk": 8,
    "fields": {
      "code": "023",
      "name": "SC제일은행"
    }
  },
  {
    "model": "cash.bankcode",
    "pk": 9,
    "fields": {
      "code": "027",
      "name": "한국씨티은행"
    }
  },
  {
    "model": "cash.bankcode",
    "pk": 10,
    "fields": {
      "code": "031",
      "name": "대구은행"
    }
  },
  {
    "model": "cash.bankcode",
    "pk": 11,
    "fields": {
      "code": "032",
      "name": "부산은행"
    }
  },
  {
    "model": "cash.bankcode",
    "pk": 12,
    "fields": {
      "code": "034",
      "name": "광주은행"
    }
  },
  {
    "model": "cash.bankcode",
    "pk": 13,
    "fields": {
      "code": "035",
      "name": "제주은행"
    }
  },
  {
    "model": "cash.bankcode",
    "pk": 14,
    "fields": {
      "code": "037",
      "name": "전북은행"
    }
  },
  {
    "model": "cash.bankcode",
    "pk": 15,
    "fields": {
      "code": "039",
      "name": "경남은행"
    }
  },
  {
    "model": "cash.bankcode",
    "pk": 16,
    "fields": {
      "code": "045",
      "name": "새마을금고"
    }
  },
  {
    "model": "cash.bankcode",
    "pk": 17,
    "fields": {
      "code": "048",
      "name": "신협"
    }
  },
  {
    "model": "cash.bankcode",
    "pk": 18,
    "fields": {
      "code": "071",
      "name": "우체국"
    }
  },
  {
    "model": "cash.bankcode",
    "pk": 19,
    "fields": {
      "code": "081",
      "name": "하나은행"
    }
  },
  {
    "model": "cash.bankcode",
    "pk": 20,
    "fields": {
      "code": "088",
      "name": "신한은행"
    }
  },
  {
    "model": "cash.bankcode",
    "pk": 21,
    "fields": {
      "code": "089",
      "name": "케이뱅크"
    }
  },
  {
    "model": "cash.bankcode",
    "pk": 22,
    "fields": {
      "code": "090",
      "name": "카카오뱅크"
    }
  },
  {
    "model": "cash.bankcode",
    "pk": 23,
    "fields": {
      "code": "092",
      "name": "토스뱅크"
    }
  },
  {
    "model": "cash.bankcode",
    "pk": 24,
    "fields": {
      "code": "000",
      "name": "기타"
    }
  },
  {
    "model": "ledger.companyaccount",
    "pk": 1,
    "fields": {
      "code": "4000",
      "name": "매출",
      "description": "",
      "parent": null,
      "depth": 1,
      "category": "revenue",
      "is_category_only": true,
      "direction": "deposit",
      "is_active": true,
      "requires_affiliated": false,
      "order": 0
    }
  },
  {
    "model": "ledger.companyaccount",
    "pk": 2,
    "fields": {
      "code": "4100",
      "name": "영업외수익",
      "description": "",
      "parent": null,
      "depth": 1,
      "category": "revenue",
      "is_category_only": true,
      "direction": "deposit",
      "is_active": true,
      "requires_affiliated": false,
      "order": 0
    }
  },
  {
    "model": "ledger.companyaccount",
    "pk": 3,
    "fields": {
      "code": "5000",
      "name": "매출원가",
      "description": "",
      "parent": null,
      "depth": 1,
      "category": "expense",
      "is_category_only": true,
      "direction": "withdraw",
      "is_active": true,
      "requires_affiliated": false,
      "order": 0
    }
  },
  {
    "model": "ledger.companyaccount",
    "pk": 4,
    "fields": {
      "code": "5100",
      "name": "판매비와관리비",
      "description": "",
      "parent": null,
      "depth": 1,
      "category": "expense",
      "is_category_only": true,
      "direction": "withdraw",
      "is_active": true,
      "requires_affiliated": false,
      "order": 0
    }
  },
  {
    "model": "ledger.companyaccount",
    "pk": 5,
    "fields": {
      "code": "5500",
      "name": "영업외비용",
      "description": "",
      "parent": null,
      "depth": 1,
      "category": "expense",
      "is_category_only": true,
      "direction": "withdraw",
      "is_active": true,
      "requires_affiliated": false,
      "order": 0
    }
  },
  {
    "model": "ledger.companyaccount",
    "pk": 6,
    "fields": {
      "code": "2000",
      "name": "법인카드 대금",
      "description": "",
      "parent": null,
      "depth": 1,
      "category": "liability",
      "is_category_only": true,
      "direction": "withdraw",
      "is_active": true,
      "requires_affiliated": false,
      "order": 0
    }
  },
  {
    "model": "ledger.companyaccount",
    "pk": 7,
    "fields": {
      "code": "2100",
      "name": "대출",
      "description": "",
      "parent": null,
      "depth": 1,
      "category": "liability",
      "is_category_only": true,
      "direction": "deposit",
      "is_active": true,
      "requires_affiliated": false,
      "order": 0
    }
  },
  {
    "model": "ledger.companyaccount",
    "pk": 8,
    "fields": {
      "code": "3000",
      "name": "투자",
      "description": "",
      "parent": null,
      "depth": 1,
      "category": "equity",
      "is_category_only": true,
      "direction": "deposit",
      "is_active": true,
      "requires_affiliated": false,
      "order": 0
    }
  },
  {
    "model": "ledger.companyaccount",
    "pk": 9,
    "fields": {
      "code": "4200",
      "name": "배당금",
      "description": "",
      "parent": null,
      "depth": 1,
      "category": "revenue",
      "is_category_only": true,
      "direction": "deposit",
      "is_active": true,
      "requires_affiliated": false,
      "order": 0
    }
  },
  {
    "model": "ledger.companyaccount",
    "pk": 10,
    "fields": {
      "code": "1000",
      "name": "자산 처분",
      "description": "",
      "parent": null,
      "depth": 1,
      "category": "asset",
      "is_category_only": true,
      "direction": "deposit",
      "is_active": true,
      "requires_affiliated": false,
      "order": 0
    }
  },
  {
    "model": "ledger.companyaccount",
    "pk": 11,
    "fields": {
      "code": "1100",
      "name": "대여금",
      "description": "",
      "parent": null,
      "depth": 1,
      "category": "asset",
      "is_category_only": true,
      "direction": "deposit",
      "is_active": true,
      "requires_affiliated": false,
      "order": 0
    }
  },
  {
    "model": "ledger.companyaccount",
    "pk": 12,
    "fields": {
      "code": "2200",
      "name": "보증금",
      "description": "",
      "parent": null,
      "depth": 1,
      "category": "liability",
      "is_category_only": true,
      "direction": "deposit",
      "is_active": true,
      "requires_affiliated": false,
      "order": 0
    }
  },
  {
    "model": "ledger.companyaccount",
    "pk": 13,
    "fields": {
      "code": "1200",
      "name": "자산 취득",
      "description": "",
      "parent": null,
      "depth": 1,
      "category": "asset",
      "is_category_only": true,
      "direction": "withdraw",
      "is_active": true,
      "requires_affiliated": false,
      "order": 0
    }
  },
  {
    "model": "ledger.companyaccount",
    "pk": 14,
    "fields": {
      "code": "6000",
      "name": "내부 자금이동",
      "description": "",
      "parent": null,
      "depth": 1,
      "category": "transfer",
      "is_category_only": true,
      "direction": "deposit",
      "is_active": true,
      "requires_affiliated": false,
      "order": 0
    }
  },
  {
    "model": "ledger.companyaccount",
    "pk": 15,
    "fields": {
      "code": "7000",
      "name": "거래 취소",
      "description": "",
      "parent": null,
      "depth": 1,
      "category": "cancel",
      "is_category_only": true,
      "direction": "withdraw",
      "is_active": true,
      "requires_affiliated": false,
      "order": 0
    }
  },
  {
    "model": "ledger.companyaccount",
    "pk": 16,
    "fields": {
      "code": "4010",
      "name": "매출",
      "description": "제품, 상품, 서비스 등을 판매하고 대가로 얻은 수입",
      "parent": 1,
      "depth": 2,
      "category": "revenue",
      "is_category_only": false,
      "direction": "deposit",
      "is_active": true,
      "requires_affiliated": false,
      "order": 0
    }
  },
  {
    "model": "ledger.companyaccount",
    "pk": 17,
    "fields": {
      "code": "4110",
      "name": "이자수익",
      "description": "정기 예적금 및 입출금 통장 잔고에 대한 이자로 발생한 입금 내역",
      "parent": 2,
      "depth": 2,
      "category": "revenue",
      "is_category_only": false,
      "direction": "deposit",
      "is_active": true,
      "requires_affiliated": false,
      "order": 0
    }
  },
  {
    "model": "ledger.companyaccount",
    "pk": 18,
    "fields": {
      "code": "4120",
      "name": "임대료수익",
      "description": "부동산 등을 임대하고 받은 임대료(임차료) 수익",
      "parent": 2,
      "depth": 2,
      "category": "revenue",
      "is_category_only": false,
      "direction": "deposit",
      "is_active": true,
      "requires_affiliated": false,
      "order": 0
    }
  },
  {
    "model": "ledger.companyaccount",
    "pk": 19,
    "fields": {
      "code": "4130",
      "name": "정부지원금",
      "description": "TIPS, 내일채움 등의 정부지원금을 받으신 내역",
      "parent": 2,
      "depth": 2,
      "category": "revenue",
      "is_category_only": false,
      "direction": "deposit",
      "is_active": true,
      "requires_affiliated": false,
      "order": 0
    }
  },
  {
    "model": "ledger.companyaccount",
    "pk": 20,
    "fields": {
      "code": "4140",
      "name": "세금 환급",
      "description": "선납된 세금을 환급받은 내역",
      "parent": 2,
      "depth": 2,
      "category": "revenue",
      "is_category_only": false,
      "direction": "deposit",
      "is_active": true,
      "requires_affiliated": false,
      "order": 0
    }
  },
  {
    "model": "ledger.companyaccount",
    "pk": 21,
    "fields": {
      "code": "4150",
      "name": "잡이익",
      "description": "영업활동과 무관하게 발생한 이익으로 발생한 내역",
      "parent": 2,
      "depth": 2,
      "category": "revenue",
      "is_category_only": false,
      "direction": "deposit",
      "is_active": true,
      "requires_affiliated": false,
      "order": 0
    }
  },
  {
    "model": "ledger.companyaccount",
    "pk": 22,
    "fields": {
      "code": "4160",
      "name": "외환차익",
      "description": "외환 거래로 발생한 이익",
      "parent": 2,
      "depth": 2,
      "category": "revenue",
      "is_category_only": false,
      "direction": "deposit",
      "is_active": true,
      "requires_affiliated": false,
      "order": 0
    }
  },
  {
    "model": "ledger.companyaccount",
    "pk": 23,
    "fields": {
      "code": "4170",
      "name": "유형자산처분이익",
      "description": "건물, 설비 등의 유형자산을 처분하면서 발생한 수익",
      "parent": 2,
      "depth": 2,
      "category": "revenue",
      "is_category_only": false,
      "direction": "deposit",
      "is_active": true,
      "requires_affiliated": false,
      "order": 0
    }
  },
  {
    "model": "ledger.companyaccount",
    "pk": 24,
    "fields": {
      "code": "4180",
      "name": "무형자산처분이익",
      "description": "특허권, 상표권 등의 무형자산을 처분하면서 발생한 수익",
      "parent": 2,
      "depth": 2,
      "category": "revenue",
      "is_category_only": false,
      "direction": "deposit",
      "is_active": true,
      "requires_affiliated": false,
      "order": 0
    }
  },
  {
    "model": "ledger.companyaccount",
    "pk": 25,
    "fields": {
      "code": "4190",
      "name": "금융자산처분이익",
      "description": "예/적금, 단기투자상품 등의 금융자산을 처분하면서 발생한 수익",
      "parent": 2,
      "depth": 2,
      "category": "revenue",
      "is_category_only": false,
      "direction": "deposit",
      "is_active": true,
      "requires_affiliated": false,
      "order": 0
    }
  },
  {
    "model": "ledger.companyaccount",
    "pk": 26,
    "fields": {
      "code": "5010",
      "name": "매출원가",
      "description": "상품이나 서비스의 직접적인 제조 및 제공에 직접적으로 발생한 비용",
      "parent": 3,
      "depth": 2,
      "category": "expense",
      "is_category_only": false,
      "direction": "withdraw",
      "is_active": true,
      "requires_affiliated": false,
      "order": 0
    }
  },
  {
    "model": "ledger.companyaccount",
    "pk": 27,
    "fields": {
      "code": "5110",
      "name": "급여",
      "description": "정규 및 계약 직원들의 임금",
      "parent": 4,
      "depth": 2,
      "category": "expense",
      "is_category_only": false,
      "direction": "withdraw",
      "is_active": true,
      "requires_affiliated": false,
      "order": 0
    }
  },
  {
    "model": "ledger.companyaccount",
    "pk": 28,
    "fields": {
      "code": "5120",
      "name": "상여",
      "description": "성과, 목표 달성, 연말 등의 특별한 이벤트에 직원들에게 지급되는 추가적인 보상",
      "parent": 4,
      "depth": 2,
      "category": "expense",
      "is_category_only": false,
      "direction": "withdraw",
      "is_active": true,
      "requires_affiliated": false,
      "order": 0
    }
  },
  {
    "model": "ledger.companyaccount",
    "pk": 29,
    "fields": {
      "code": "5130",
      "name": "퇴직급여",
      "description": "직원이 퇴사할 때 지급하는 급여",
      "parent": 4,
      "depth": 2,
      "category": "expense",
      "is_category_only": false,
      "direction": "withdraw",
      "is_active": true,
      "requires_affiliated": false,
      "order": 0
    }
  },
  {
    "model": "ledger.companyaccount",
    "pk": 30,
    "fields": {
      "code": "5140",
      "name": "잡급",
      "description": "일용근로자에게 근로의 대가로 지급한 금전적 보상",
      "parent": 4,
      "depth": 2,
      "category": "expense",
      "is_category_only": false,
      "direction": "withdraw",
      "is_active": true,
      "requires_affiliated": false,
      "order": 0
    }
  },
  {
    "model": "ledger.companyaccount",
    "pk": 31,
    "fields": {
      "code": "5150",
      "name": "복리후생비",
      "description": "직원의 복지 향상을 위해 회사가 제공하는 비금전적 보상과 서비스에 발생한 비용",
      "parent": 4,
      "depth": 2,
      "category": "expense",
      "is_category_only": false,
      "direction": "withdraw",
      "is_active": true,
      "requires_affiliated": false,
      "order": 0
    }
  },
  {
    "model": "ledger.companyaccount",
    "pk": 32,
    "fields": {
      "code": "5160",
      "name": "보험료",
      "description": "보험 계약에 따라 보험사에 지불한 금액",
      "parent": 4,
      "depth": 2,
      "category": "expense",
      "is_category_only": false,
      "direction": "withdraw",
      "is_active": true,
      "requires_affiliated": false,
      "order": 0
    }
  },
  {
    "model": "ledger.companyaccount",
    "pk": 33,
    "fields": {
      "code": "5170",
      "name": "지급수수료",
      "description": "용역 및 서비스를 제공받은 대가로 지불한 비용",
      "parent": 4,
      "depth": 2,
      "category": "expense",
      "is_category_only": false,
      "direction": "withdraw",
      "is_active": true,
      "requires_affiliated": false,
      "order": 0
    }
  },
  {
    "model": "ledger.companyaccount",
    "pk": 34,
    "fields": {
      "code": "5180",
      "name": "광고선전비",
      "description": "제품이나 서비스를 홍보하기 위해 지출한 비용",
      "parent": 4,
      "depth": 2,
      "category": "expense",
      "is_category_only": false,
      "direction": "withdraw",
      "is_active": true,
      "requires_affiliated": false,
      "order": 0
    }
  },
  {
    "model": "ledger.companyaccount",
    "pk": 35,
    "fields": {
      "code": "5190",
      "name": "교육훈련비",
      "description": "직원의 전문성 개발을 위해 회사가 지출하는 비용",
      "parent": 4,
      "depth": 2,
      "category": "expense",
      "is_category_only": false,
      "direction": "withdraw",
      "is_active": true,
      "requires_affiliated": false,
      "order": 0
    }
  },
  {
    "model": "ledger.companyaccount",
    "pk": 36,
    "fields": {
      "code": "5200",
      "name": "차량유지비",
      "description": "회사 소유의 또는 임차한 차량의 운영 및 유지 관리에 지불한 비용",
      "parent": 4,
      "depth": 2,
      "category": "expense",
      "is_category_only": false,
      "direction": "withdraw",
      "is_active": true,
      "requires_affiliated": false,
      "order": 0
    }
  },
  {
    "model": "ledger.companyaccount",
    "pk": 37,
    "fields": {
      "code": "5210",
      "name": "도서인쇄비",
      "description": "도서 구매나 인쇄에 지불한 비용",
      "parent": 4,
      "depth": 2,
      "category": "expense",
      "is_category_only": false,
      "direction": "withdraw",
      "is_active": true,
      "requires_affiliated": false,
      "order": 0
    }
  },
  {
    "model": "ledger.companyaccount",
    "pk": 38,
    "fields": {
      "code": "5220",
      "name": "업무추진비",
      "description": "업무와 관련하여 접대, 교제, 사례 등의 명목 하에 지불한 비용",
      "parent": 4,
      "depth": 2,
      "category": "expense",
      "is_category_only": false,
      "direction": "withdraw",
      "is_active": true,
      "requires_affiliated": false,
      "order": 0
    }
  },
  {
    "model": "ledger.companyaccount",
    "pk": 39,
    "fields": {
      "code": "5230",
      "name": "임차료",
      "description": "사무실, 매장, 차량 등의 부동산 또는 장비 임차에 지불한 비용",
      "parent": 4,
      "depth": 2,
      "category": "expense",
      "is_category_only": false,
      "direction": "withdraw",
      "is_active": true,
      "requires_affiliated": false,
      "order": 0
    }
  },
  {
    "model": "ledger.companyaccount",
    "pk": 40,
    "fields": {
      "code": "5240",
      "name": "통신비",
      "description": "전화, 인터넷, 팩스 등의 통신 서비스 이용에 지불한 비용",
      "parent": 4,
      "depth": 2,
      "category": "expense",
      "is_category_only": false,
      "direction": "withdraw",
      "is_active": true,
      "requires_affiliated": false,
      "order": 0
    }
  },
  {
    "model": "ledger.companyaccount",
    "pk": 41,
    "fields": {
      "code": "5250",
      "name": "운반비",
      "description": "상품, 원자재, 기타 물품을 운송하는데 발생한 비용",
      "parent": 4,
      "depth": 2,
      "category": "expense",
      "is_category_only": false,
      "direction": "withdraw",
      "is_active": true,
      "requires_affiliated": false,
      "order": 0
    }
  },
  {
    "model": "ledger.companyaccount",
    "pk": 42,
    "fields": {
      "code": "5260",
      "name": "세금과공과",
      "description": "정부 또는 지자체에 지불한 세금 및 기타 공적 부담금",
      "parent": 4,
      "depth": 2,
      "category": "expense",
      "is_category_only": false,
      "direction": "withdraw",
      "is_active": true,
      "requires_affiliated": false,
      "order": 0
    }
  },
  {
    "model": "ledger.companyaccount",
    "pk": 43,
    "fields": {
      "code": "5270",
      "name": "소모품비",
      "description": "일상적으로 사용되는 소모성 물품 구입에 대한 비용",
      "parent": 4,
      "depth": 2,
      "category": "expense",
      "is_category_only": false,
      "direction": "withdraw",
      "is_active": true,
      "requires_affiliated": false,
      "order": 0
    }
  },
  {
    "model": "ledger.companyaccount",
    "pk": 44,
    "fields": {
      "code": "5280",
      "name": "수도광열비",
      "description": "수도, 전기, 가스 등의 에너지 사용에 대한 비용",
      "parent": 4,
      "depth": 2,
      "category": "expense",
      "is_category_only": false,
      "direction": "withdraw",
      "is_active": true,
      "requires_affiliated": false,
      "order": 0
    }
  },
  {
    "model": "ledger.companyaccount",
    "pk": 45,
    "fields": {
      "code": "5290",
      "name": "수선비",
      "description": "기계, 설비, 건물 등의 유지보수 및 수리에 지불한 비용",
      "parent": 4,
      "depth": 2,
      "category": "expense",
      "is_category_only": false,
      "direction": "withdraw",
      "is_active": true,
      "requires_affiliated": false,
      "order": 0
    }
  },
  {
    "model": "ledger.companyaccount",
    "pk": 46,
    "fields": {
      "code": "5300",
      "name": "경상개발비",
      "description": "기존 제품이나 서비스의 개선, 프로세스 효율성 증가 등을 위해 발생한 연구개발 비용",
      "parent": 4,
      "depth": 2,
      "category": "expense",
      "is_category_only": false,
      "direction": "withdraw",
      "is_active": true,
      "requires_affiliated": false,
      "order": 0
    }
  },
  {
    "model": "ledger.companyaccount",
    "pk": 47,
    "fields": {
      "code": "5310",
      "name": "여비교통비",
      "description": "업무 상의 목적으로 발생하는 여행 및 교통에 지불한 비용",
      "parent": 4,
      "depth": 2,
      "category": "expense",
      "is_category_only": false,
      "direction": "withdraw",
      "is_active": true,
      "requires_affiliated": false,
      "order": 0
    }
  },
  {
    "model": "ledger.companyaccount",
    "pk": 48,
    "fields": {
      "code": "5320",
      "name": "견본품비",
      "description": "제품이나 서비스의 프로모션, 테스트 등을 위해 제작 또는 구입하는 샘플에 대한 비용",
      "parent": 4,
      "depth": 2,
      "category": "expense",
      "is_category_only": false,
      "direction": "withdraw",
      "is_active": true,
      "requires_affiliated": false,
      "order": 0
    }
  },
  {
    "model": "ledger.companyaccount",
    "pk": 49,
    "fields": {
      "code": "5330",
      "name": "판매수수료",
      "description": "제품이나 서비스를 판매하는 과정에서 대리점, 중개인, 플랫폼 등에 지급한 수수료 성격의 지출",
      "parent": 4,
      "depth": 2,
      "category": "expense",
      "is_category_only": false,
      "direction": "withdraw",
      "is_active": true,
      "requires_affiliated": false,
      "order": 0
    }
  },
  {
    "model": "ledger.companyaccount",
    "pk": 50,
    "fields": {
      "code": "5340",
      "name": "외주용역비",
      "description": "제품이나 서비스의 개발, 제조 및 판매에 직접적으로 관련된 용역 서비스에 지불한 비용",
      "parent": 4,
      "depth": 2,
      "category": "expense",
      "is_category_only": false,
      "direction": "withdraw",
      "is_active": true,
      "requires_affiliated": false,
      "order": 0
    }
  },
  {
    "model": "ledger.companyaccount",
    "pk": 51,
    "fields": {
      "code": "5350",
      "name": "전력비",
      "description": "제품이나 서비스의 제조 및 판매 과정에서 사용한 전력 비용",
      "parent": 4,
      "depth": 2,
      "category": "expense",
      "is_category_only": false,
      "direction": "withdraw",
      "is_active": true,
      "requires_affiliated": false,
      "order": 0
    }
  },
  {
    "model": "ledger.companyaccount",
    "pk": 52,
    "fields": {
      "code": "5360",
      "name": "보관료",
      "description": "제품, 원자재, 또는 기타 자산을 창고나 저장 시설에 보관하기 위해 지출한 비용",
      "parent": 4,
      "depth": 2,
      "category": "expense",
      "is_category_only": false,
      "direction": "withdraw",
      "is_active": true,
      "requires_affiliated": false,
      "order": 0
    }
  },
  {
    "model": "ledger.companyaccount",
    "pk": 53,
    "fields": {
      "code": "5370",
      "name": "수출제비용",
      "description": "제품을 수출하는 과정에서 발생한 부대 비용",
      "parent": 4,
      "depth": 2,
      "category": "expense",
      "is_category_only": false,
      "direction": "withdraw",
      "is_active": true,
      "requires_affiliated": false,
      "order": 0
    }
  },
  {
    "model": "ledger.companyaccount",
    "pk": 54,
    "fields": {
      "code": "5380",
      "name": "기타판매비와관리비",
      "description": "특정한 주요 범주에 속하지 않는 다양한 경비들이 여기에 포함",
      "parent": 4,
      "depth": 2,
      "category": "expense",
      "is_category_only": false,
      "direction": "withdraw",
      "is_active": true,
      "requires_affiliated": false,
      "order": 0
    }
  },
  {
    "model": "ledger.companyaccount",
    "pk": 55,
    "fields": {
      "code": "5510",
      "name": "기부금",
      "description": "자선단체, 비영리 기구, 교육기관 등에 자발적으로 지원한 금전적 또는 물질적 지원에 지불한 비용",
      "parent": 5,
      "depth": 2,
      "category": "expense",
      "is_category_only": false,
      "direction": "withdraw",
      "is_active": true,
      "requires_affiliated": false,
      "order": 0
    }
  },
  {
    "model": "ledger.companyaccount",
    "pk": 56,
    "fields": {
      "code": "5520",
      "name": "정부지원금 지출",
      "description": "정부지원금을 수령하기 위해 지출한 자부담금",
      "parent": 5,
      "depth": 2,
      "category": "expense",
      "is_category_only": false,
      "direction": "withdraw",
      "is_active": true,
      "requires_affiliated": false,
      "order": 0
    }
  },
  {
    "model": "ledger.companyaccount",
    "pk": 57,
    "fields": {
      "code": "5530",
      "name": "잡손실",
      "description": "영업활동과 무관하게 발생한 손해로 인한 비용",
      "parent": 5,
      "depth": 2,
      "category": "expense",
      "is_category_only": false,
      "direction": "withdraw",
      "is_active": true,
      "requires_affiliated": false,
      "order": 0
    }
  },
  {
    "model": "ledger.companyaccount",
    "pk": 58,
    "fields": {
      "code": "5540",
      "name": "이자비용",
      "description": "금융 부채에 대한 이자로 납입한 비용",
      "parent": 5,
      "depth": 2,
      "category": "expense",
      "is_category_only": false,
      "direction": "withdraw",
      "is_active": true,
      "requires_affiliated": false,
      "order": 0
    }
  },
  {
    "model": "ledger.companyaccount",
    "pk": 59,
    "fields": {
      "code": "5550",
      "name": "외환차손",
      "description": "외환 거래로 발생한 손실",
      "parent": 5,
      "depth": 2,
      "category": "expense",
      "is_category_only": false,
      "direction": "withdraw",
      "is_active": true,
      "requires_affiliated": false,
      "order": 0
    }
  },
  {
    "model": "ledger.companyaccount",
    "pk": 60,
    "fields": {
      "code": "5560",
      "name": "유형자산처분손실",
      "description": "건물, 설비 등의 유형자산을 처분하면서 발생한 손실",
      "parent": 5,
      "depth": 2,
      "category": "expense",
      "is_category_only": false,
      "direction": "withdraw",
      "is_active": true,
      "requires_affiliated": false,
      "order": 0
    }
  },
  {
    "model": "ledger.companyaccount",
    "pk": 61,
    "fields": {
      "code": "5570",
      "name": "무형자산처분손실",
      "description": "특허권, 상표권 등의 무형자산을 처분하면서 발생한 손실",
      "parent": 5,
      "depth": 2,
      "category": "expense",
      "is_category_only": false,
      "direction": "withdraw",
      "is_active": true,
      "requires_affiliated": false,
      "order": 0
    }
  },
  {
    "model": "ledger.companyaccount",
    "pk": 62,
    "fields": {
      "code": "5580",
      "name": "금융자산처분손실",
      "description": "예/적금, 단기투자상품 등의 금융자산을 처분하면서 발생한 손실 상위 계정",
      "parent": 5,
      "depth": 2,
      "category": "expense",
      "is_category_only": false,
      "direction": "withdraw",
      "is_active": true,
      "requires_affiliated": false,
      "order": 0
    }
  },
  {
    "model": "ledger.companyaccount",
    "pk": 63,
    "fields": {
      "code": "2010",
      "name": "신용카드 대금",
      "description": "법인명의 신용카드의 결제 대금",
      "parent": 6,
      "depth": 2,
      "category": "liability",
      "is_category_only": false,
      "direction": "withdraw",
      "is_active": true,
      "requires_affiliated": false,
      "order": 0
    }
  },
  {
    "model": "ledger.companyaccount",
    "pk": 64,
    "fields": {
      "code": "2110",
      "name": "차입금",
      "description": "외부 출처로부터 빌려온 자금",
      "parent": 7,
      "depth": 2,
      "category": "liability",
      "is_category_only": false,
      "direction": "deposit",
      "is_active": true,
      "requires_affiliated": false,
      "order": 0
    }
  },
  {
    "model": "ledger.companyaccount",
    "pk": 65,
    "fields": {
      "code": "2120",
      "name": "사채",
      "description": "회사채 발행으로 조달한 대출성 자금",
      "parent": 7,
      "depth": 2,
      "category": "liability",
      "is_category_only": false,
      "direction": "deposit",
      "is_active": true,
      "requires_affiliated": false,
      "order": 0
    }
  },
  {
    "model": "ledger.companyaccount",
    "pk": 66,
    "fields": {
      "code": "2130",
      "name": "주주/임원/직원 차입금",
      "description": "대표 혹은 특수관계 주주나 임직원 등이 회사에 빌려준 자금",
      "parent": 7,
      "depth": 2,
      "category": "liability",
      "is_category_only": false,
      "direction": "deposit",
      "is_active": true,
      "requires_affiliated": false,
      "order": 0
    }
  },
  {
    "model": "ledger.companyaccount",
    "pk": 67,
    "fields": {
      "code": "2140",
      "name": "회전대출/팩토링",
      "description": "외상매출챔권담보대출, 선정산 서비스, 팩토링과 같은 단기 회전형 대출",
      "parent": 7,
      "depth": 2,
      "category": "liability",
      "is_category_only": false,
      "direction": "deposit",
      "is_active": true,
      "requires_affiliated": false,
      "order": 0
    }
  },
  {
    "model": "ledger.companyaccount",
    "pk": 68,
    "fields": {
      "code": "2150",
      "name": "차입금 상환",
      "description": "외부 출처로부터 빌린 돈을 상환한 자금",
      "parent": 7,
      "depth": 2,
      "category": "liability",
      "is_category_only": false,
      "direction": "withdraw",
      "is_active": true,
      "requires_affiliated": false,
      "order": 0
    }
  },
  {
    "model": "ledger.companyaccount",
    "pk": 69,
    "fields": {
      "code": "2160",
      "name": "사채 상환",
      "description": "회사채를 상환하기 위해 사용된 자금",
      "parent": 7,
      "depth": 2,
      "category": "liability",
      "is_category_only": false,
      "direction": "withdraw",
      "is_active": true,
      "requires_affiliated": false,
      "order": 0
    }
  },
  {
    "model": "ledger.companyaccount",
    "pk": 70,
    "fields": {
      "code": "2170",
      "name": "주주/임원/직원 차입금 상환",
      "description": "대표 혹은 특수관계 주주나 임직원 등이 회사에 빌려준 자금을 상환한 내역",
      "parent": 7,
      "depth": 2,
      "category": "liability",
      "is_category_only": false,
      "direction": "withdraw",
      "is_active": true,
      "requires_affiliated": false,
      "order": 0
    }
  },
  {
    "model": "ledger.companyaccount",
    "pk": 71,
    "fields": {
      "code": "2180",
      "name": "회전대출/팩토링 상환",
      "description": "외상매출챔권담보대출, 선정산 서비스, 팩토링과 같은 단기 회전형 대출을 상환한 자금",
      "parent": 7,
      "depth": 2,
      "category": "liability",
      "is_category_only": false,
      "direction": "withdraw",
      "is_active": true,
      "requires_affiliated": false,
      "order": 0
    }
  },
  {
    "model": "ledger.companyaccount",
    "pk": 72,
    "fields": {
      "code": "3010",
      "name": "투자금",
      "description": "외부 출처로부터 회사의 주식을 대가로 조달한 투자성 자금",
      "parent": 8,
      "depth": 2,
      "category": "equity",
      "is_category_only": false,
      "direction": "deposit",
      "is_active": true,
      "requires_affiliated": false,
      "order": 0
    }
  },
  {
    "model": "ledger.companyaccount",
    "pk": 73,
    "fields": {
      "code": "3020",
      "name": "투자금 반환",
      "description": "외부 출처로부터 회사의 주식을 대가로 조달한 투자성 자금의 반환",
      "parent": 8,
      "depth": 2,
      "category": "equity",
      "is_category_only": false,
      "direction": "withdraw",
      "is_active": true,
      "requires_affiliated": false,
      "order": 0
    }
  },
  {
    "model": "ledger.companyaccount",
    "pk": 74,
    "fields": {
      "code": "4210",
      "name": "배당금 수취",
      "description": "회사가 소유한 타사의 주식에 대해서 지급받은 이익분배금",
      "parent": 9,
      "depth": 2,
      "category": "revenue",
      "is_category_only": false,
      "direction": "deposit",
      "is_active": true,
      "requires_affiliated": false,
      "order": 0
    }
  },
  {
    "model": "ledger.companyaccount",
    "pk": 75,
    "fields": {
      "code": "4220",
      "name": "배당금 지급",
      "description": "주주들에게 지급한 이익분배금",
      "parent": 9,
      "depth": 2,
      "category": "equity",
      "is_category_only": false,
      "direction": "withdraw",
      "is_active": true,
      "requires_affiliated": false,
      "order": 0
    }
  },
  {
    "model": "ledger.companyaccount",
    "pk": 76,
    "fields": {
      "code": "1010",
      "name": "유형자산 처분",
      "description": "장비, 시설 등의 유형자산을 매각하고 받은 금액",
      "parent": 10,
      "depth": 2,
      "category": "asset",
      "is_category_only": false,
      "direction": "deposit",
      "is_active": true,
      "requires_affiliated": false,
      "order": 0
    }
  },
  {
    "model": "ledger.companyaccount",
    "pk": 77,
    "fields": {
      "code": "1020",
      "name": "무형자산 처분",
      "description": "브랜드, 특허권 등의 무형자산을 매각하고 받은 금액",
      "parent": 10,
      "depth": 2,
      "category": "asset",
      "is_category_only": false,
      "direction": "deposit",
      "is_active": true,
      "requires_affiliated": false,
      "order": 0
    }
  },
  {
    "model": "ledger.companyaccount",
    "pk": 78,
    "fields": {
      "code": "1030",
      "name": "금융자산 처분",
      "description": "MMF, 적금, 정기예금 등의 금융자산을 매각하고 정산받은 금액",
      "parent": 10,
      "depth": 2,
      "category": "asset",
      "is_category_only": false,
      "direction": "deposit",
      "is_active": true,
      "requires_affiliated": false,
      "order": 0
    }
  },
  {
    "model": "ledger.companyaccount",
    "pk": 79,
    "fields": {
      "code": "1110",
      "name": "대여금 지급",
      "description": "개인이나 관계사에 대여해준 금액",
      "parent": 11,
      "depth": 2,
      "category": "asset",
      "is_category_only": false,
      "direction": "withdraw",
      "is_active": true,
      "requires_affiliated": false,
      "order": 0
    }
  },
  {
    "model": "ledger.companyaccount",
    "pk": 80,
    "fields": {
      "code": "1120",
      "name": "대여금 회수",
      "description": "개인이나 관계사에 대여해준 돈을 돌려받은 금액",
      "parent": 11,
      "depth": 2,
      "category": "asset",
      "is_category_only": false,
      "direction": "deposit",
      "is_active": true,
      "requires_affiliated": false,
      "order": 0
    }
  },
  {
    "model": "ledger.companyaccount",
    "pk": 81,
    "fields": {
      "code": "1130",
      "name": "주주/임원/직원 대여금 지급",
      "description": "대표 혹은 특수관계 주주나 임직원 등에게 회사가 빌려준 자금 내역",
      "parent": 11,
      "depth": 2,
      "category": "asset",
      "is_category_only": false,
      "direction": "deposit",
      "is_active": true,
      "requires_affiliated": false,
      "order": 0
    }
  },
  {
    "model": "ledger.companyaccount",
    "pk": 82,
    "fields": {
      "code": "1140",
      "name": "주주/임원/직원 대여금 회수",
      "description": "대표 혹은 특수관계 주주나 임직원 등에게 회사가 빌려준 자금을 회수한 내역",
      "parent": 11,
      "depth": 2,
      "category": "asset",
      "is_category_only": false,
      "direction": "deposit",
      "is_active": true,
      "requires_affiliated": false,
      "order": 0
    }
  },
  {
    "model": "ledger.companyaccount",
    "pk": 83,
    "fields": {
      "code": "2210",
      "name": "보증금 수취",
      "description": "유/무형자산의 임차 혹은 사용권을 대가로 수령한 보증금",
      "parent": 12,
      "depth": 2,
      "category": "liability",
      "is_category_only": false,
      "direction": "deposit",
      "is_active": true,
      "requires_affiliated": false,
      "order": 0
    }
  },
  {
    "model": "ledger.companyaccount",
    "pk": 84,
    "fields": {
      "code": "2220",
      "name": "보증금 지급",
      "description": "유/무형자산의 임차 혹은 사용을 위해 지급한 보증금",
      "parent": 12,
      "depth": 2,
      "category": "asset",
      "is_category_only": false,
      "direction": "withdraw",
      "is_active": true,
      "requires_affiliated": false,
      "order": 0
    }
  },
  {
    "model": "ledger.companyaccount",
    "pk": 85,
    "fields": {
      "code": "2230",
      "name": "보증금 회수",
      "description": "유/무형자산의 임차 혹은 사용을 위해 이미 지급한 보증금의 회수",
      "parent": 12,
      "depth": 2,
      "category": "asset",
      "is_category_only": false,
      "direction": "deposit",
      "is_active": true,
      "requires_affiliated": false,
      "order": 0
    }
  },
  {
    "model": "ledger.companyaccount",
    "pk": 86,
    "fields": {
      "code": "2240",
      "name": "보증금 반환",
      "description": "유/무형자산의 임차 혹은 사용을 위해 이미 수령한 보증금 반환",
      "parent": 12,
      "depth": 2,
      "category": "liability",
      "is_category_only": false,
      "direction": "withdraw",
      "is_active": true,
      "requires_affiliated": false,
      "order": 0
    }
  },
  {
    "model": "ledger.companyaccount",
    "pk": 87,
    "fields": {
      "code": "1210",
      "name": "유형자산 취득",
      "description": "장비, 시설 등의 유형자산을 구매하는 데 쓰인 금액",
      "parent": 13,
      "depth": 2,
      "category": "asset",
      "is_category_only": false,
      "direction": "withdraw",
      "is_active": true,
      "requires_affiliated": false,
      "order": 0
    }
  },
  {
    "model": "ledger.companyaccount",
    "pk": 88,
    "fields": {
      "code": "1220",
      "name": "무형자산 취득",
      "description": "브랜드, 특허권 등의 무형자산을 구매하는 데 쓰인 금액",
      "parent": 13,
      "depth": 2,
      "category": "asset",
      "is_category_only": false,
      "direction": "withdraw",
      "is_active": true,
      "requires_affiliated": false,
      "order": 0
    }
  },
  {
    "model": "ledger.companyaccount",
    "pk": 89,
    "fields": {
      "code": "1230",
      "name": "금융자산 취득",
      "description": "MMF, 적금, 정기예금 등의 금융자산으로 옮긴 금액",
      "parent": 13,
      "depth": 2,
      "category": "asset",
      "is_category_only": false,
      "direction": "withdraw",
      "is_active": true,
      "requires_affiliated": false,
      "order": 0
    }
  },
  {
    "model": "ledger.companyaccount",
    "pk": 90,
    "fields": {
      "code": "6010",
      "name": "계좌간 입금",
      "description": "회사의 내부 계좌간 이동한 금액",
      "parent": 14,
      "depth": 2,
      "category": "transfer",
      "is_category_only": true,
      "direction": "deposit",
      "is_active": true,
      "requires_affiliated": false,
      "order": 0
    }
  },
  {
    "model": "ledger.companyaccount",
    "pk": 91,
    "fields": {
      "code": "6020",
      "name": "계좌간 출금",
      "description": "회사의 내부 계좌간 이동한 금액",
      "parent": 14,
      "depth": 2,
      "category": "transfer",
      "is_category_only": true,
      "direction": "withdraw",
      "is_active": true,
      "requires_affiliated": false,
      "order": 0
    }
  },
  {
    "model": "ledger.companyaccount",
    "pk": 92,
    "fields": {
      "code": "7100",
      "name": "취소된 출금",
      "description": "",
      "parent": 15,
      "depth": 2,
      "category": "cancel",
      "is_category_only": true,
      "direction": "withdraw",
      "is_active": true,
      "requires_affiliated": false,
      "order": 0
    }
  },
  {
    "model": "ledger.companyaccount",
    "pk": 93,
    "fields": {
      "code": "7200",
      "name": "취소된 입금",
      "description": "",
      "parent": 15,
      "depth": 2,
      "category": "cancel",
      "is_category_only": true,
      "direction": "deposit",
      "is_active": true,
      "requires_affiliated": false,
      "order": 0
    }
  },
  {
    "model": "ledger.companyaccount",
    "pk": 94,
    "fields": {
      "code": "5201",
      "name": "유류비",
      "description": "",
      "parent": 36,
      "depth": 3,
      "category": "expense",
      "is_category_only": false,
      "direction": "withdraw",
      "is_active": true,
      "requires_affiliated": false,
      "order": 0
    }
  },
  {
    "model": "ledger.companyaccount",
    "pk": 95,
    "fields": {
      "code": "5202",
      "name": "주차비",
      "description": "",
      "parent": 36,
      "depth": 3,
      "category": "expense",
      "is_category_only": false,
      "direction": "withdraw",
      "is_active": true,
      "requires_affiliated": false,
      "order": 0
    }
  },
  {
    "model": "ledger.companyaccount",
    "pk": 96,
    "fields": {
      "code": "2111",
      "name": "관계회사 차입금",
      "description": "",
      "parent": 64,
      "depth": 3,
      "category": "liability",
      "is_category_only": false,
      "direction": "deposit",
      "is_active": true,
      "requires_affiliated": false,
      "order": 0
    }
  },
  {
    "model": "ledger.companyaccount",
    "pk": 97,
    "fields": {
      "code": "2151",
      "name": "관계회사 차입금 상환",
      "description": "",
      "parent": 68,
      "depth": 3,
      "category": "liability",
      "is_category_only": false,
      "direction": "withdraw",
      "is_active": true,
      "requires_affiliated": false,
      "order": 0
    }
  },
  {
    "model": "ledger.companyaccount",
    "pk": 98,
    "fields": {
      "code": "1111",
      "name": "관계회사 대여금 회수",
      "description": "",
      "parent": 80,
      "depth": 3,
      "category": "asset",
      "is_category_only": false,
      "direction": "deposit",
      "is_active": true,
      "requires_affiliated": false,
      "order": 0
    }
  },
  {
    "model": "ledger.companyaccount",
    "pk": 99,
    "fields": {
      "code": "6011",
      "name": "대체(입금)",
      "description": "",
      "parent": 90,
      "depth": 3,
      "category": "transfer",
      "is_category_only": false,
      "direction": "deposit",
      "is_active": true,
      "requires_affiliated": false,
      "order": 0
    }
  },
  {
    "model": "ledger.companyaccount",
    "pk": 100,
    "fields": {
      "code": "6021",
      "name": "대체(출금)",
      "description": "",
      "parent": 91,
      "depth": 3,
      "category": "transfer",
      "is_category_only": false,
      "direction": "withdraw",
      "is_active": true,
      "requires_affiliated": false,
      "order": 0
    }
  },
  {
    "model": "ledger.companyaccount",
    "pk": 101,
    "fields": {
      "code": "7101",
      "name": "거래취소 (출금)",
      "description": "취소된 출금거래",
      "parent": 92,
      "depth": 3,
      "category": "cancel",
      "is_category_only": false,
      "direction": "withdraw",
      "is_active": true,
      "requires_affiliated": false,
      "order": 0
    }
  },
  {
    "model": "ledger.companyaccount",
    "pk": 102,
    "fields": {
      "code": "7201",
      "name": "거래취소(입금)",
      "description": "취소된 입금거래",
      "parent": 93,
      "depth": 3,
      "category": "cancel",
      "is_category_only": false,
      "direction": "deposit",
      "is_active": true,
      "requires_affiliated": false,
      "order": 0
    }
  },
  {
    "model": "ledger.projectaccount",
    "pk": 1,
    "fields": {
      "code": "3000",
      "name": "분(부)담금",
      "description": "",
      "parent": null,
      "depth": 1,
      "category": "equity",
      "is_category_only": true,
      "direction": "deposit",
      "is_active": true,
      "requires_affiliated": false,
      "order": 0,
      "is_payment": false,
      "is_related_contract": false
    }
  },
  {
    "model": "ledger.projectaccount",
    "pk": 2,
    "fields": {
      "code": "4000",
      "name": "분양매출금",
      "description": "",
      "parent": null,
      "depth": 1,
      "category": "revenue",
      "is_category_only": true,
      "direction": "deposit",
      "is_active": true,
      "requires_affiliated": false,
      "order": 0,
      "is_payment": false,
      "is_related_contract": false
    }
  },
  {
    "model": "ledger.projectaccount",
    "pk": 3,
    "fields": {
      "code": "4100",
      "name": "영업외수익",
      "description": "",
      "parent": null,
      "depth": 1,
      "category": "revenue",
      "is_category_only": true,
      "direction": "deposit",
      "is_active": true,
      "requires_affiliated": false,
      "order": 0,
      "is_payment": false,
      "is_related_contract": false
    }
  },
  {
    "model": "ledger.projectaccount",
    "pk": 4,
    "fields": {
      "code": "2000",
      "name": "차입금",
      "description": "",
      "parent": null,
      "depth": 1,
      "category": "liability",
      "is_category_only": true,
      "direction": "deposit",
      "is_active": true,
      "requires_affiliated": false,
      "order": 0,
      "is_payment": false,
      "is_related_contract": false
    }
  },
  {
    "model": "ledger.projectaccount",
    "pk": 5,
    "fields": {
      "code": "2100",
      "name": "기타부채",
      "description": "",
      "parent": null,
      "depth": 1,
      "category": "liability",
      "is_category_only": true,
      "direction": "deposit",
      "is_active": true,
      "requires_affiliated": false,
      "order": 0,
      "is_payment": false,
      "is_related_contract": false
    }
  },
  {
    "model": "ledger.projectaccount",
    "pk": 6,
    "fields": {
      "code": "1000",
      "name": "대여금",
      "description": "",
      "parent": null,
      "depth": 1,
      "category": "asset",
      "is_category_only": true,
      "direction": "withdraw",
      "is_active": true,
      "requires_affiliated": false,
      "order": 0,
      "is_payment": false,
      "is_related_contract": false
    }
  },
  {
    "model": "ledger.projectaccount",
    "pk": 7,
    "fields": {
      "code": "1100",
      "name": "기타자산",
      "description": "",
      "parent": null,
      "depth": 1,
      "category": "asset",
      "is_category_only": true,
      "direction": "withdraw",
      "is_active": true,
      "requires_affiliated": false,
      "order": 0,
      "is_payment": false,
      "is_related_contract": false
    }
  },
  {
    "model": "ledger.projectaccount",
    "pk": 8,
    "fields": {
      "code": "5000",
      "name": "토지비",
      "description": "",
      "parent": null,
      "depth": 1,
      "category": "expense",
      "is_category_only": true,
      "direction": "withdraw",
      "is_active": true,
      "requires_affiliated": false,
      "order": 0,
      "is_payment": false,
      "is_related_contract": false
    }
  },
  {
    "model": "ledger.projectaccount",
    "pk": 9,
    "fields": {
      "code": "5100",
      "name": "공사비",
      "description": "",
      "parent": null,
      "depth": 1,
      "category": "expense",
      "is_category_only": true,
      "direction": "withdraw",
      "is_active": true,
      "requires_affiliated": false,
      "order": 0,
      "is_payment": false,
      "is_related_contract": false
    }
  },
  {
    "model": "ledger.projectaccount",
    "pk": 10,
    "fields": {
      "code": "5200",
      "name": "외주용역비",
      "description": "",
      "parent": null,
      "depth": 1,
      "category": "expense",
      "is_category_only": true,
      "direction": "withdraw",
      "is_active": true,
      "requires_affiliated": false,
      "order": 0,
      "is_payment": false,
      "is_related_contract": false
    }
  },
  {
    "model": "ledger.projectaccount",
    "pk": 11,
    "fields": {
      "code": "5300",
      "name": "분양관련비",
      "description": "",
      "parent": null,
      "depth": 1,
      "category": "expense",
      "is_category_only": true,
      "direction": "withdraw",
      "is_active": true,
      "requires_affiliated": false,
      "order": 0,
      "is_payment": false,
      "is_related_contract": false
    }
  },
  {
    "model": "ledger.projectaccount",
    "pk": 12,
    "fields": {
      "code": "5400",
      "name": "M/H관련비",
      "description": "",
      "parent": null,
      "depth": 1,
      "category": "expense",
      "is_category_only": true,
      "direction": "withdraw",
      "is_active": true,
      "requires_affiliated": false,
      "order": 0,
      "is_payment": false,
      "is_related_contract": false
    }
  },
  {
    "model": "ledger.projectaccount",
    "pk": 13,
    "fields": {
      "code": "5500",
      "name": "제세공과금 등",
      "description": "",
      "parent": null,
      "depth": 1,
      "category": "expense",
      "is_category_only": true,
      "direction": "withdraw",
      "is_active": true,
      "requires_affiliated": false,
      "order": 0,
      "is_payment": false,
      "is_related_contract": false
    }
  },
  {
    "model": "ledger.projectaccount",
    "pk": 14,
    "fields": {
      "code": "5700",
      "name": "제반비용",
      "description": "",
      "parent": null,
      "depth": 1,
      "category": "expense",
      "is_category_only": true,
      "direction": "withdraw",
      "is_active": true,
      "requires_affiliated": false,
      "order": 0,
      "is_payment": false,
      "is_related_contract": false
    }
  },
  {
    "model": "ledger.projectaccount",
    "pk": 15,
    "fields": {
      "code": "5800",
      "name": "금융비용",
      "description": "",
      "parent": null,
      "depth": 1,
      "category": "expense",
      "is_category_only": true,
      "direction": "withdraw",
      "is_active": true,
      "requires_affiliated": false,
      "order": 0,
      "is_payment": false,
      "is_related_contract": false
    }
  },
  {
    "model": "ledger.projectaccount",
    "pk": 16,
    "fields": {
      "code": "5900",
      "name": "영업외비용",
      "description": "",
      "parent": null,
      "depth": 1,
      "category": "expense",
      "is_category_only": true,
      "direction": "withdraw",
      "is_active": true,
      "requires_affiliated": false,
      "order": 0,
      "is_payment": false,
      "is_related_contract": false
    }
  },
  {
    "model": "ledger.projectaccount",
    "pk": 17,
    "fields": {
      "code": "6000",
      "name": "대체",
      "description": "",
      "parent": null,
      "depth": 1,
      "category": "transfer",
      "is_category_only": true,
      "direction": "withdraw",
      "is_active": true,
      "requires_affiliated": false,
      "order": 0,
      "is_payment": false,
      "is_related_contract": false
    }
  },
  {
    "model": "ledger.projectaccount",
    "pk": 18,
    "fields": {
      "code": "7000",
      "name": "취소",
      "description": "",
      "parent": null,
      "depth": 1,
      "category": "cancel",
      "is_category_only": true,
      "direction": "withdraw",
      "is_active": true,
      "requires_affiliated": false,
      "order": 0,
      "is_payment": false,
      "is_related_contract": false
    }
  },
  {
    "model": "ledger.projectaccount",
    "pk": 19,
    "fields": {
      "code": "3010",
      "name": "분(부)담금",
      "description": "출자금 (조합 등 형태인 경우)",
      "parent": 1,
      "depth": 2,
      "category": "equity",
      "is_category_only": false,
      "direction": "deposit",
      "is_active": true,
      "requires_affiliated": false,
      "order": 0,
      "is_payment": true,
      "is_related_contract": true
    }
  },
  {
    "model": "ledger.projectaccount",
    "pk": 20,
    "fields": {
      "code": "3020",
      "name": "분(부)담금(해지자 납부건)",
      "description": "해지 조합원 분담금 입금 건",
      "parent": 1,
      "depth": 2,
      "category": "equity",
      "is_category_only": false,
      "direction": "deposit",
      "is_active": true,
      "requires_affiliated": false,
      "order": 0,
      "is_payment": false,
      "is_related_contract": true
    }
  },
  {
    "model": "ledger.projectaccount",
    "pk": 21,
    "fields": {
      "code": "3030",
      "name": "[환불]→분(부)담금(해지)",
      "description": "계약 해지 등으로 인한 환불",
      "parent": 1,
      "depth": 2,
      "category": "equity",
      "is_category_only": false,
      "direction": "withdraw",
      "is_active": true,
      "requires_affiliated": false,
      "order": 0,
      "is_payment": false,
      "is_related_contract": true
    }
  },
  {
    "model": "ledger.projectaccount",
    "pk": 22,
    "fields": {
      "code": "3040",
      "name": "[환불]→분(부)담금(과오납)",
      "description": "단순 과오납에 의한 환불",
      "parent": 1,
      "depth": 2,
      "category": "equity",
      "is_category_only": false,
      "direction": "withdraw",
      "is_active": true,
      "requires_affiliated": false,
      "order": 0,
      "is_payment": false,
      "is_related_contract": true
    }
  },
  {
    "model": "ledger.projectaccount",
    "pk": 23,
    "fields": {
      "code": "4010",
      "name": "분양매출금",
      "description": "매출금 - 일반분양 등",
      "parent": 2,
      "depth": 2,
      "category": "revenue",
      "is_category_only": false,
      "direction": "deposit",
      "is_active": true,
      "requires_affiliated": false,
      "order": 0,
      "is_payment": true,
      "is_related_contract": true
    }
  },
  {
    "model": "ledger.projectaccount",
    "pk": 24,
    "fields": {
      "code": "4020",
      "name": "분양매출금(해지자 납부건)",
      "description": "해지 계약자 분양매출금 입금 건",
      "parent": 2,
      "depth": 2,
      "category": "revenue",
      "is_category_only": false,
      "direction": "deposit",
      "is_active": true,
      "requires_affiliated": false,
      "order": 0,
      "is_payment": false,
      "is_related_contract": true
    }
  },
  {
    "model": "ledger.projectaccount",
    "pk": 25,
    "fields": {
      "code": "4030",
      "name": "[환불]→분양매출금(해지)",
      "description": "계약 해지 등으로 인한 환불",
      "parent": 2,
      "depth": 2,
      "category": "revenue",
      "is_category_only": false,
      "direction": "withdraw",
      "is_active": true,
      "requires_affiliated": false,
      "order": 0,
      "is_payment": false,
      "is_related_contract": true
    }
  },
  {
    "model": "ledger.projectaccount",
    "pk": 26,
    "fields": {
      "code": "4040",
      "name": "[환불]→분양매출금(과오납)",
      "description": "단순 과오납에 의한 환불",
      "parent": 2,
      "depth": 2,
      "category": "revenue",
      "is_category_only": false,
      "direction": "withdraw",
      "is_active": true,
      "requires_affiliated": false,
      "order": 0,
      "is_payment": false,
      "is_related_contract": true
    }
  },
  {
    "model": "ledger.projectaccount",
    "pk": 27,
    "fields": {
      "code": "4110",
      "name": "영업외 수익(출자금 - 위약금수입)",
      "description": "출자금에 대한 위약금 수익",
      "parent": 3,
      "depth": 2,
      "category": "revenue",
      "is_category_only": false,
      "direction": "deposit",
      "is_active": true,
      "requires_affiliated": false,
      "order": 0,
      "is_payment": false,
      "is_related_contract": true
    }
  },
  {
    "model": "ledger.projectaccount",
    "pk": 28,
    "fields": {
      "code": "4120",
      "name": "영업외 수익(출자금 - 가산금수입)",
      "description": "출자금에 대한 가산금 수익",
      "parent": 3,
      "depth": 2,
      "category": "revenue",
      "is_category_only": false,
      "direction": "deposit",
      "is_active": true,
      "requires_affiliated": false,
      "order": 0,
      "is_payment": false,
      "is_related_contract": true
    }
  },
  {
    "model": "ledger.projectaccount",
    "pk": 29,
    "fields": {
      "code": "4130",
      "name": "영업외 수익(매출금 - 위약금수입)",
      "description": "매출금에 대한 위약금 수익",
      "parent": 3,
      "depth": 2,
      "category": "revenue",
      "is_category_only": false,
      "direction": "deposit",
      "is_active": true,
      "requires_affiliated": false,
      "order": 0,
      "is_payment": false,
      "is_related_contract": true
    }
  },
  {
    "model": "ledger.projectaccount",
    "pk": 30,
    "fields": {
      "code": "4140",
      "name": "영업외 수익(매출금 - 가산금수입)",
      "description": "매출금에 대한 가산금 수익",
      "parent": 3,
      "depth": 2,
      "category": "revenue",
      "is_category_only": false,
      "direction": "deposit",
      "is_active": true,
      "requires_affiliated": false,
      "order": 0,
      "is_payment": false,
      "is_related_contract": true
    }
  },
  {
    "model": "ledger.projectaccount",
    "pk": 31,
    "fields": {
      "code": "4150",
      "name": "영업외 수익(이자수입)",
      "description": "영업외 수익(이자수입)",
      "parent": 3,
      "depth": 2,
      "category": "revenue",
      "is_category_only": false,
      "direction": "deposit",
      "is_active": true,
      "requires_affiliated": false,
      "order": 0,
      "is_payment": false,
      "is_related_contract": false
    }
  },
  {
    "model": "ledger.projectaccount",
    "pk": 32,
    "fields": {
      "code": "4160",
      "name": "영업외 수익(기타잡수입)",
      "description": "영업외 수익(기타잡수입, 전기 국세 환급 등)",
      "parent": 3,
      "depth": 2,
      "category": "revenue",
      "is_category_only": false,
      "direction": "deposit",
      "is_active": true,
      "requires_affiliated": false,
      "order": 0,
      "is_payment": false,
      "is_related_contract": false
    }
  },
  {
    "model": "ledger.projectaccount",
    "pk": 33,
    "fields": {
      "code": "4170",
      "name": "당기 비용 환급 (차감)",
      "description": "당기 국세 환급 등 비용 차감액",
      "parent": 3,
      "depth": 2,
      "category": "revenue",
      "is_category_only": false,
      "direction": "deposit",
      "is_active": true,
      "requires_affiliated": false,
      "order": 0,
      "is_payment": false,
      "is_related_contract": false
    }
  },
  {
    "model": "ledger.projectaccount",
    "pk": 34,
    "fields": {
      "code": "2010",
      "name": "차입금(브리지)",
      "description": "브리지 대출",
      "parent": 4,
      "depth": 2,
      "category": "liability",
      "is_category_only": false,
      "direction": "deposit",
      "is_active": true,
      "requires_affiliated": false,
      "order": 0,
      "is_payment": false,
      "is_related_contract": false
    }
  },
  {
    "model": "ledger.projectaccount",
    "pk": 35,
    "fields": {
      "code": "2020",
      "name": "차입금(PF대출)",
      "description": "PF 대출",
      "parent": 4,
      "depth": 2,
      "category": "liability",
      "is_category_only": false,
      "direction": "deposit",
      "is_active": true,
      "requires_affiliated": false,
      "order": 0,
      "is_payment": false,
      "is_related_contract": false
    }
  },
  {
    "model": "ledger.projectaccount",
    "pk": 36,
    "fields": {
      "code": "2030",
      "name": "차입금(기타)",
      "description": "기타 차입금",
      "parent": 4,
      "depth": 2,
      "category": "liability",
      "is_category_only": false,
      "direction": "deposit",
      "is_active": true,
      "requires_affiliated": false,
      "order": 0,
      "is_payment": false,
      "is_related_contract": false
    }
  },
  {
    "model": "ledger.projectaccount",
    "pk": 37,
    "fields": {
      "code": "2040",
      "name": "[상환]→차입금(브리지)",
      "description": "브리지 대출 상환",
      "parent": 4,
      "depth": 2,
      "category": "liability",
      "is_category_only": false,
      "direction": "withdraw",
      "is_active": true,
      "requires_affiliated": false,
      "order": 0,
      "is_payment": false,
      "is_related_contract": false
    }
  },
  {
    "model": "ledger.projectaccount",
    "pk": 38,
    "fields": {
      "code": "2050",
      "name": "[상환]→차입금(PF대출)",
      "description": "PF 대출 상환",
      "parent": 4,
      "depth": 2,
      "category": "liability",
      "is_category_only": false,
      "direction": "withdraw",
      "is_active": true,
      "requires_affiliated": false,
      "order": 0,
      "is_payment": false,
      "is_related_contract": false
    }
  },
  {
    "model": "ledger.projectaccount",
    "pk": 39,
    "fields": {
      "code": "2060",
      "name": "[상환]→차입금(기타)",
      "description": "기타 차입금 상환",
      "parent": 4,
      "depth": 2,
      "category": "liability",
      "is_category_only": false,
      "direction": "withdraw",
      "is_active": true,
      "requires_affiliated": false,
      "order": 0,
      "is_payment": false,
      "is_related_contract": false
    }
  },
  {
    "model": "ledger.projectaccount",
    "pk": 40,
    "fields": {
      "code": "2110",
      "name": "기타부채(보증금 등)",
      "description": "기타부채(보증금 등)",
      "parent": 5,
      "depth": 2,
      "category": "liability",
      "is_category_only": false,
      "direction": "deposit",
      "is_active": true,
      "requires_affiliated": false,
      "order": 0,
      "is_payment": false,
      "is_related_contract": false
    }
  },
  {
    "model": "ledger.projectaccount",
    "pk": 41,
    "fields": {
      "code": "2120",
      "name": "[반환]→기타부채(보증금 등)",
      "description": "보증금, 예치금 등 반환",
      "parent": 5,
      "depth": 2,
      "category": "liability",
      "is_category_only": false,
      "direction": "withdraw",
      "is_active": true,
      "requires_affiliated": false,
      "order": 0,
      "is_payment": false,
      "is_related_contract": false
    }
  },
  {
    "model": "ledger.projectaccount",
    "pk": 42,
    "fields": {
      "code": "1010",
      "name": "대여금",
      "description": "대여금 등",
      "parent": 6,
      "depth": 2,
      "category": "asset",
      "is_category_only": false,
      "direction": "withdraw",
      "is_active": true,
      "requires_affiliated": false,
      "order": 0,
      "is_payment": false,
      "is_related_contract": false
    }
  },
  {
    "model": "ledger.projectaccount",
    "pk": 43,
    "fields": {
      "code": "1020",
      "name": "[회수]→대여금",
      "description": "대여금 회수",
      "parent": 6,
      "depth": 2,
      "category": "asset",
      "is_category_only": false,
      "direction": "deposit",
      "is_active": true,
      "requires_affiliated": false,
      "order": 0,
      "is_payment": false,
      "is_related_contract": false
    }
  },
  {
    "model": "ledger.projectaccount",
    "pk": 44,
    "fields": {
      "code": "1110",
      "name": "기타자산(법원공탁금)",
      "description": "가압류, 강제집행 정지 신청 공탁금 등",
      "parent": 7,
      "depth": 2,
      "category": "asset",
      "is_category_only": false,
      "direction": "withdraw",
      "is_active": true,
      "requires_affiliated": false,
      "order": 0,
      "is_payment": false,
      "is_related_contract": false
    }
  },
  {
    "model": "ledger.projectaccount",
    "pk": 45,
    "fields": {
      "code": "1120",
      "name": "기타자산(보증금·예치금)",
      "description": "보증금, 예치금 등 회수 예정 자산",
      "parent": 7,
      "depth": 2,
      "category": "asset",
      "is_category_only": false,
      "direction": "withdraw",
      "is_active": true,
      "requires_affiliated": false,
      "order": 0,
      "is_payment": false,
      "is_related_contract": false
    }
  },
  {
    "model": "ledger.projectaccount",
    "pk": 46,
    "fields": {
      "code": "1130",
      "name": "기타자산(중도금이자대납)",
      "description": "중도금 후불제 이자대납 채권",
      "parent": 7,
      "depth": 2,
      "category": "asset",
      "is_category_only": false,
      "direction": "withdraw",
      "is_active": true,
      "requires_affiliated": false,
      "order": 0,
      "is_payment": false,
      "is_related_contract": true
    }
  },
  {
    "model": "ledger.projectaccount",
    "pk": 47,
    "fields": {
      "code": "1140",
      "name": "[회수]→기타자산(법원공탁금)",
      "description": "공탁금 회수",
      "parent": 7,
      "depth": 2,
      "category": "asset",
      "is_category_only": false,
      "direction": "deposit",
      "is_active": true,
      "requires_affiliated": false,
      "order": 0,
      "is_payment": false,
      "is_related_contract": false
    }
  },
  {
    "model": "ledger.projectaccount",
    "pk": 48,
    "fields": {
      "code": "1150",
      "name": "[회수]→기타자산(보증금·예치금)",
      "description": "보증금 등 회수",
      "parent": 7,
      "depth": 2,
      "category": "asset",
      "is_category_only": false,
      "direction": "deposit",
      "is_active": true,
      "requires_affiliated": false,
      "order": 0,
      "is_payment": false,
      "is_related_contract": false
    }
  },
  {
    "model": "ledger.projectaccount",
    "pk": 49,
    "fields": {
      "code": "1160",
      "name": "[회수]→기타자산(중도금이자대납)",
      "description": "중대금 후불제 대납이자 회수",
      "parent": 7,
      "depth": 2,
      "category": "asset",
      "is_category_only": false,
      "direction": "deposit",
      "is_active": true,
      "requires_affiliated": false,
      "order": 0,
      "is_payment": false,
      "is_related_contract": true
    }
  },
  {
    "model": "ledger.projectaccount",
    "pk": 50,
    "fields": {
      "code": "5010",
      "name": "토지 매입비",
      "description": "토지 매입비용",
      "parent": 8,
      "depth": 2,
      "category": "expense",
      "is_category_only": false,
      "direction": "withdraw",
      "is_active": true,
      "requires_affiliated": false,
      "order": 0,
      "is_payment": false,
      "is_related_contract": false
    }
  },
  {
    "model": "ledger.projectaccount",
    "pk": 51,
    "fields": {
      "code": "5020",
      "name": "이전 등기비",
      "description": "취등록세 및 법무사 비용 등",
      "parent": 8,
      "depth": 2,
      "category": "expense",
      "is_category_only": false,
      "direction": "withdraw",
      "is_active": true,
      "requires_affiliated": false,
      "order": 0,
      "is_payment": false,
      "is_related_contract": false
    }
  },
  {
    "model": "ledger.projectaccount",
    "pk": 52,
    "fields": {
      "code": "5030",
      "name": "기타 토지비용",
      "description": "매입관련 용역비 등",
      "parent": 8,
      "depth": 2,
      "category": "expense",
      "is_category_only": false,
      "direction": "withdraw",
      "is_active": true,
      "requires_affiliated": false,
      "order": 0,
      "is_payment": false,
      "is_related_contract": false
    }
  },
  {
    "model": "ledger.projectaccount",
    "pk": 53,
    "fields": {
      "code": "5040",
      "name": "보유세",
      "description": "재산세, 도시계획세, 지방교육세 등",
      "parent": 8,
      "depth": 2,
      "category": "expense",
      "is_category_only": false,
      "direction": "withdraw",
      "is_active": true,
      "requires_affiliated": false,
      "order": 0,
      "is_payment": false,
      "is_related_contract": false
    }
  },
  {
    "model": "ledger.projectaccount",
    "pk": 54,
    "fields": {
      "code": "5110",
      "name": "도급 공사비",
      "description": "건축 도급 공사비",
      "parent": 9,
      "depth": 2,
      "category": "expense",
      "is_category_only": false,
      "direction": "withdraw",
      "is_active": true,
      "requires_affiliated": false,
      "order": 0,
      "is_payment": false,
      "is_related_contract": false
    }
  },
  {
    "model": "ledger.projectaccount",
    "pk": 55,
    "fields": {
      "code": "5120",
      "name": "소방 공사비",
      "description": "소방 시설 공사비",
      "parent": 9,
      "depth": 2,
      "category": "expense",
      "is_category_only": false,
      "direction": "withdraw",
      "is_active": true,
      "requires_affiliated": false,
      "order": 0,
      "is_payment": false,
      "is_related_contract": false
    }
  },
  {
    "model": "ledger.projectaccount",
    "pk": 56,
    "fields": {
      "code": "5130",
      "name": "외부 공사비",
      "description": "단지 외부 건축허가조건이행공사비",
      "parent": 9,
      "depth": 2,
      "category": "expense",
      "is_category_only": false,
      "direction": "withdraw",
      "is_active": true,
      "requires_affiliated": false,
      "order": 0,
      "is_payment": false,
      "is_related_contract": false
    }
  },
  {
    "model": "ledger.projectaccount",
    "pk": 57,
    "fields": {
      "code": "5140",
      "name": "철거 공사비",
      "description": "이주 관련비용 및 철거 공사비",
      "parent": 9,
      "depth": 2,
      "category": "expense",
      "is_category_only": false,
      "direction": "withdraw",
      "is_active": true,
      "requires_affiliated": false,
      "order": 0,
      "is_payment": false,
      "is_related_contract": false
    }
  },
  {
    "model": "ledger.projectaccount",
    "pk": 58,
    "fields": {
      "code": "5210",
      "name": "인입 공사비",
      "description": "각종 인입 공사비",
      "parent": 10,
      "depth": 2,
      "category": "expense",
      "is_category_only": false,
      "direction": "withdraw",
      "is_active": true,
      "requires_affiliated": false,
      "order": 0,
      "is_payment": false,
      "is_related_contract": false
    }
  },
  {
    "model": "ledger.projectaccount",
    "pk": 59,
    "fields": {
      "code": "5220",
      "name": "설계 용역비",
      "description": "설계 관련 용역비",
      "parent": 10,
      "depth": 2,
      "category": "expense",
      "is_category_only": false,
      "direction": "withdraw",
      "is_active": true,
      "requires_affiliated": false,
      "order": 0,
      "is_payment": false,
      "is_related_contract": false
    }
  },
  {
    "model": "ledger.projectaccount",
    "pk": 60,
    "fields": {
      "code": "5230",
      "name": "감리 용역비",
      "description": "감리 용역비 등",
      "parent": 10,
      "depth": 2,
      "category": "expense",
      "is_category_only": false,
      "direction": "withdraw",
      "is_active": true,
      "requires_affiliated": false,
      "order": 0,
      "is_payment": false,
      "is_related_contract": false
    }
  },
  {
    "model": "ledger.projectaccount",
    "pk": 61,
    "fields": {
      "code": "5240",
      "name": "기타 용역비",
      "description": "인허가 관련 기타 용역비",
      "parent": 10,
      "depth": 2,
      "category": "expense",
      "is_category_only": false,
      "direction": "withdraw",
      "is_active": true,
      "requires_affiliated": false,
      "order": 0,
      "is_payment": false,
      "is_related_contract": false
    }
  },
  {
    "model": "ledger.projectaccount",
    "pk": 62,
    "fields": {
      "code": "5310",
      "name": "광고 홍보비",
      "description": "언론피알, 광고 홍보비 등",
      "parent": 11,
      "depth": 2,
      "category": "expense",
      "is_category_only": false,
      "direction": "withdraw",
      "is_active": true,
      "requires_affiliated": false,
      "order": 0,
      "is_payment": false,
      "is_related_contract": false
    }
  },
  {
    "model": "ledger.projectaccount",
    "pk": 63,
    "fields": {
      "code": "5320",
      "name": "분양 수수료",
      "description": "분양대행 용역 수수료",
      "parent": 11,
      "depth": 2,
      "category": "expense",
      "is_category_only": false,
      "direction": "withdraw",
      "is_active": true,
      "requires_affiliated": false,
      "order": 0,
      "is_payment": false,
      "is_related_contract": false
    }
  },
  {
    "model": "ledger.projectaccount",
    "pk": 64,
    "fields": {
      "code": "5330",
      "name": "상가분양 수수료",
      "description": "단지내 상가 등 분양 수수료",
      "parent": 11,
      "depth": 2,
      "category": "expense",
      "is_category_only": false,
      "direction": "withdraw",
      "is_active": true,
      "requires_affiliated": false,
      "order": 0,
      "is_payment": false,
      "is_related_contract": false
    }
  },
  {
    "model": "ledger.projectaccount",
    "pk": 65,
    "fields": {
      "code": "5340",
      "name": "분양 예비비",
      "description": "해지분 추가모집, 교체 관련 비용",
      "parent": 11,
      "depth": 2,
      "category": "expense",
      "is_category_only": false,
      "direction": "withdraw",
      "is_active": true,
      "requires_affiliated": false,
      "order": 0,
      "is_payment": false,
      "is_related_contract": false
    }
  },
  {
    "model": "ledger.projectaccount",
    "pk": 66,
    "fields": {
      "code": "5350",
      "name": "분양보증 수수료",
      "description": "아파트, 상가 등 분양보증 수수료",
      "parent": 11,
      "depth": 2,
      "category": "expense",
      "is_category_only": false,
      "direction": "withdraw",
      "is_active": true,
      "requires_affiliated": false,
      "order": 0,
      "is_payment": false,
      "is_related_contract": false
    }
  },
  {
    "model": "ledger.projectaccount",
    "pk": 67,
    "fields": {
      "code": "5410",
      "name": "M/H 건립운영비",
      "description": "M/H 건립/해체 및 운영비 등",
      "parent": 12,
      "depth": 2,
      "category": "expense",
      "is_category_only": false,
      "direction": "withdraw",
      "is_active": true,
      "requires_affiliated": false,
      "order": 0,
      "is_payment": false,
      "is_related_contract": false
    }
  },
  {
    "model": "ledger.projectaccount",
    "pk": 68,
    "fields": {
      "code": "5420",
      "name": "M/H 부지임차료",
      "description": "M/H 부지 임차료 등 관련 비용",
      "parent": 12,
      "depth": 2,
      "category": "expense",
      "is_category_only": false,
      "direction": "withdraw",
      "is_active": true,
      "requires_affiliated": false,
      "order": 0,
      "is_payment": false,
      "is_related_contract": false
    }
  },
  {
    "model": "ledger.projectaccount",
    "pk": 69,
    "fields": {
      "code": "5510",
      "name": "상하수도 부담금",
      "description": "상하수도 원인자 부담금",
      "parent": 13,
      "depth": 2,
      "category": "expense",
      "is_category_only": false,
      "direction": "withdraw",
      "is_active": true,
      "requires_affiliated": false,
      "order": 0,
      "is_payment": false,
      "is_related_contract": false
    }
  },
  {
    "model": "ledger.projectaccount",
    "pk": 70,
    "fields": {
      "code": "5520",
      "name": "보존 등기비",
      "description": "보존등기비",
      "parent": 13,
      "depth": 2,
      "category": "expense",
      "is_category_only": false,
      "direction": "withdraw",
      "is_active": true,
      "requires_affiliated": false,
      "order": 0,
      "is_payment": false,
      "is_related_contract": false
    }
  },
  {
    "model": "ledger.projectaccount",
    "pk": 71,
    "fields": {
      "code": "5530",
      "name": "광역교통 부담금",
      "description": "광역교통 시설 부담금",
      "parent": 13,
      "depth": 2,
      "category": "expense",
      "is_category_only": false,
      "direction": "withdraw",
      "is_active": true,
      "requires_affiliated": false,
      "order": 0,
      "is_payment": false,
      "is_related_contract": false
    }
  },
  {
    "model": "ledger.projectaccount",
    "pk": 72,
    "fields": {
      "code": "5540",
      "name": "학교용지 부담금",
      "description": "학교용지 부담금",
      "parent": 13,
      "depth": 2,
      "category": "expense",
      "is_category_only": false,
      "direction": "withdraw",
      "is_active": true,
      "requires_affiliated": false,
      "order": 0,
      "is_payment": false,
      "is_related_contract": false
    }
  },
  {
    "model": "ledger.projectaccount",
    "pk": 73,
    "fields": {
      "code": "5550",
      "name": "과밀 부담금",
      "description": "과밀 부담금",
      "parent": 13,
      "depth": 2,
      "category": "expense",
      "is_category_only": false,
      "direction": "withdraw",
      "is_active": true,
      "requires_affiliated": false,
      "order": 0,
      "is_payment": false,
      "is_related_contract": false
    }
  },
  {
    "model": "ledger.projectaccount",
    "pk": 74,
    "fields": {
      "code": "5560",
      "name": "기반시설 설치비용",
      "description": "기반시설 설치비용",
      "parent": 13,
      "depth": 2,
      "category": "expense",
      "is_category_only": false,
      "direction": "withdraw",
      "is_active": true,
      "requires_affiliated": false,
      "order": 0,
      "is_payment": false,
      "is_related_contract": false
    }
  },
  {
    "model": "ledger.projectaccount",
    "pk": 75,
    "fields": {
      "code": "5570",
      "name": "전용 부담금",
      "description": "농지, 산지 전용 부담금 등",
      "parent": 13,
      "depth": 2,
      "category": "expense",
      "is_category_only": false,
      "direction": "withdraw",
      "is_active": true,
      "requires_affiliated": false,
      "order": 0,
      "is_payment": false,
      "is_related_contract": false
    }
  },
  {
    "model": "ledger.projectaccount",
    "pk": 76,
    "fields": {
      "code": "5580",
      "name": "기타 부담금",
      "description": "기타 각종 부담금 등",
      "parent": 13,
      "depth": 2,
      "category": "expense",
      "is_category_only": false,
      "direction": "withdraw",
      "is_active": true,
      "requires_affiliated": false,
      "order": 0,
      "is_payment": false,
      "is_related_contract": false
    }
  },
  {
    "model": "ledger.projectaccount",
    "pk": 77,
    "fields": {
      "code": "5590",
      "name": "부가가치세",
      "description": "부가가치세",
      "parent": 13,
      "depth": 2,
      "category": "expense",
      "is_category_only": false,
      "direction": "withdraw",
      "is_active": true,
      "requires_affiliated": false,
      "order": 0,
      "is_payment": false,
      "is_related_contract": false
    }
  },
  {
    "model": "ledger.projectaccount",
    "pk": 78,
    "fields": {
      "code": "5710",
      "name": "시행사 운영비",
      "description": "시행사(조합) 운영비",
      "parent": 14,
      "depth": 2,
      "category": "expense",
      "is_category_only": false,
      "direction": "withdraw",
      "is_active": true,
      "requires_affiliated": false,
      "order": 0,
      "is_payment": false,
      "is_related_contract": false
    }
  },
  {
    "model": "ledger.projectaccount",
    "pk": 79,
    "fields": {
      "code": "5720",
      "name": "신탁비",
      "description": "신탁사 관련 수수료",
      "parent": 14,
      "depth": 2,
      "category": "expense",
      "is_category_only": false,
      "direction": "withdraw",
      "is_active": true,
      "requires_affiliated": false,
      "order": 0,
      "is_payment": false,
      "is_related_contract": false
    }
  },
  {
    "model": "ledger.projectaccount",
    "pk": 80,
    "fields": {
      "code": "5730",
      "name": "운영관련 용역비",
      "description": "감평, 법무, 세무, 회계 관련 용역비용 등",
      "parent": 14,
      "depth": 2,
      "category": "expense",
      "is_category_only": false,
      "direction": "withdraw",
      "is_active": true,
      "requires_affiliated": false,
      "order": 0,
      "is_payment": false,
      "is_related_contract": false
    }
  },
  {
    "model": "ledger.projectaccount",
    "pk": 81,
    "fields": {
      "code": "5740",
      "name": "예비비",
      "description": "예비비 및 민원처리비 등",
      "parent": 14,
      "depth": 2,
      "category": "expense",
      "is_category_only": false,
      "direction": "withdraw",
      "is_active": true,
      "requires_affiliated": false,
      "order": 0,
      "is_payment": false,
      "is_related_contract": false
    }
  },
  {
    "model": "ledger.projectaccount",
    "pk": 82,
    "fields": {
      "code": "5750",
      "name": "업무대행비",
      "description": "업무대행 용역 수수료",
      "parent": 14,
      "depth": 2,
      "category": "expense",
      "is_category_only": false,
      "direction": "withdraw",
      "is_active": true,
      "requires_affiliated": false,
      "order": 0,
      "is_payment": false,
      "is_related_contract": false
    }
  },
  {
    "model": "ledger.projectaccount",
    "pk": 83,
    "fields": {
      "code": "5810",
      "name": "B/L 수수료, 이자",
      "description": "B/L 수수료 및 이자 비용",
      "parent": 15,
      "depth": 2,
      "category": "expense",
      "is_category_only": false,
      "direction": "withdraw",
      "is_active": true,
      "requires_affiliated": false,
      "order": 0,
      "is_payment": false,
      "is_related_contract": false
    }
  },
  {
    "model": "ledger.projectaccount",
    "pk": 84,
    "fields": {
      "code": "5820",
      "name": "P/F 수수료, 이자",
      "description": "P/F 수수료 및 이자 비용",
      "parent": 15,
      "depth": 2,
      "category": "expense",
      "is_category_only": false,
      "direction": "withdraw",
      "is_active": true,
      "requires_affiliated": false,
      "order": 0,
      "is_payment": false,
      "is_related_contract": false
    }
  },
  {
    "model": "ledger.projectaccount",
    "pk": 85,
    "fields": {
      "code": "5830",
      "name": "중도금 이자(무이자시)",
      "description": "중도금 무이자 대납 비용",
      "parent": 15,
      "depth": 2,
      "category": "expense",
      "is_category_only": false,
      "direction": "withdraw",
      "is_active": true,
      "requires_affiliated": false,
      "order": 0,
      "is_payment": false,
      "is_related_contract": false
    }
  },
  {
    "model": "ledger.projectaccount",
    "pk": 86,
    "fields": {
      "code": "5840",
      "name": "기타 금융비용",
      "description": "기타 차입 관련 금융비용",
      "parent": 15,
      "depth": 2,
      "category": "expense",
      "is_category_only": false,
      "direction": "withdraw",
      "is_active": true,
      "requires_affiliated": false,
      "order": 0,
      "is_payment": false,
      "is_related_contract": false
    }
  },
  {
    "model": "ledger.projectaccount",
    "pk": 87,
    "fields": {
      "code": "5910",
      "name": "영업외 비용(원천세)",
      "description": "원천세",
      "parent": 16,
      "depth": 2,
      "category": "expense",
      "is_category_only": false,
      "direction": "withdraw",
      "is_active": true,
      "requires_affiliated": false,
      "order": 0,
      "is_payment": false,
      "is_related_contract": false
    }
  },
  {
    "model": "ledger.projectaccount",
    "pk": 88,
    "fields": {
      "code": "5920",
      "name": "영업외 비용(기타잡손실)",
      "description": "기타 잡손실",
      "parent": 16,
      "depth": 2,
      "category": "expense",
      "is_category_only": false,
      "direction": "withdraw",
      "is_active": true,
      "requires_affiliated": false,
      "order": 0,
      "is_payment": false,
      "is_related_contract": false
    }
  },
  {
    "model": "ledger.projectaccount",
    "pk": 89,
    "fields": {
      "code": "5930",
      "name": "영업외 비용(위약금)",
      "description": "위약금 손실",
      "parent": 16,
      "depth": 2,
      "category": "expense",
      "is_category_only": false,
      "direction": "withdraw",
      "is_active": true,
      "requires_affiliated": false,
      "order": 0,
      "is_payment": false,
      "is_related_contract": false
    }
  },
  {
    "model": "ledger.projectaccount",
    "pk": 90,
    "fields": {
      "code": "6010",
      "name": "대체(출금)",
      "description": "내부 계좌간 이체로 인한 출금 거래",
      "parent": 17,
      "depth": 2,
      "category": "transfer",
      "is_category_only": false,
      "direction": "withdraw",
      "is_active": true,
      "requires_affiliated": false,
      "order": 0,
      "is_payment": false,
      "is_related_contract": false
    }
  },
  {
    "model": "ledger.projectaccount",
    "pk": 91,
    "fields": {
      "code": "6020",
      "name": "대체(입금)",
      "description": "내부 계좌간 이체로 인한 입금 거래",
      "parent": 17,
      "depth": 2,
      "category": "transfer",
      "is_category_only": false,
      "direction": "deposit",
      "is_active": true,
      "requires_affiliated": false,
      "order": 0,
      "is_payment": false,
      "is_related_contract": false
    }
  },
  {
    "model": "ledger.projectaccount",
    "pk": 92,
    "fields": {
      "code": "7010",
      "name": "거래취소(출금)",
      "description": "거래 취소로 인한 출금거래",
      "parent": 18,
      "depth": 2,
      "category": "cancel",
      "is_category_only": false,
      "direction": "withdraw",
      "is_active": true,
      "requires_affiliated": false,
      "order": 0,
      "is_payment": false,
      "is_related_contract": false
    }
  },
  {
    "model": "ledger.projectaccount",
    "pk": 93,
    "fields": {
      "code": "7020",
      "name": "거래취소(입금)",
      "description": "거래 취소로 인한 입금거래",
      "parent": 18,
      "depth": 2,
      "category": "cancel",
      "is_category_only": false,
      "direction": "deposit",
      "is_active": true,
      "requires_affiliated": false,
      "order": 0,
      "is_payment": false,
      "is_related_contract": false
    }
  },
  {
    "model": "ledger.bankcode",
    "pk": 1,
    "fields": {
      "code": "002",
      "name": "산업은행"
    }
  },
  {
    "model": "ledger.bankcode",
    "pk": 2,
    "fields": {
      "code": "003",
      "name": "기업은행"
    }
  },
  {
    "model": "ledger.bankcode",
    "pk": 3,
    "fields": {
      "code": "004",
      "name": "KB국민은행"
    }
  },
  {
    "model": "ledger.bankcode",
    "pk": 4,
    "fields": {
      "code": "007",
      "name": "수협은행"
    }
  },
  {
    "model": "ledger.bankcode",
    "pk": 5,
    "fields": {
      "code": "011",
      "name": "NH농협은행"
    }
  },
  {
    "model": "ledger.bankcode",
    "pk": 6,
    "fields": {
      "code": "012",
      "name": "지역농축협"
    }
  },
  {
    "model": "ledger.bankcode",
    "pk": 7,
    "fields": {
      "code": "020",
      "name": "우리은행"
    }
  },
  {
    "model": "ledger.bankcode",
    "pk": 8,
    "fields": {
      "code": "023",
      "name": "SC제일은행"
    }
  },
  {
    "model": "ledger.bankcode",
    "pk": 9,
    "fields": {
      "code": "027",
      "name": "한국씨티은행"
    }
  },
  {
    "model": "ledger.bankcode",
    "pk": 10,
    "fields": {
      "code": "031",
      "name": "대구은행"
    }
  },
  {
    "model": "ledger.bankcode",
    "pk": 11,
    "fields": {
      "code": "032",
      "name": "부산은행"
    }
  },
  {
    "model": "ledger.bankcode",
    "pk": 12,
    "fields": {
      "code": "034",
      "name": "광주은행"
    }
  },
  {
    "model": "ledger.bankcode",
    "pk": 13,
    "fields": {
      "code": "035",
      "name": "제주은행"
    }
  },
  {
    "model": "ledger.bankcode",
    "pk": 14,
    "fields": {
      "code": "037",
      "name": "전북은행"
    }
  },
  {
    "model": "ledger.bankcode",
    "pk": 15,
    "fields": {
      "code": "039",
      "name": "경남은행"
    }
  },
  {
    "model": "ledger.bankcode",
    "pk": 16,
    "fields": {
      "code": "045",
      "name": "새마을금고"
    }
  },
  {
    "model": "ledger.bankcode",
    "pk": 17,
    "fields": {
      "code": "048",
      "name": "신협"
    }
  },
  {
    "model": "ledger.bankcode",
    "pk": 18,
    "fields": {
      "code": "071",
      "name": "우체국"
    }
  },
  {
    "model": "ledger.bankcode",
    "pk": 19,
    "fields": {
      "code": "081",
      "name": "하나은행"
    }
  },
  {
    "model": "ledger.bankcode",
    "pk": 20,
    "fields": {
      "code": "088",
      "name": "신한은행"
    }
  },
  {
    "model": "ledger.bankcode",
    "pk": 21,
    "fields": {
      "code": "089",
      "name": "케이뱅크"
    }
  },
  {
    "model": "ledger.bankcode",
    "pk": 22,
    "fields": {
      "code": "090",
      "name": "카카오뱅크"
    }
  },
  {
    "model": "ledger.bankcode",
    "pk": 23,
    "fields": {
      "code": "092",
      "name": "토스뱅크"
    }
  },
  {
    "model": "ledger.bankcode",
    "pk": 24,
    "fields": {
      "code": "000",
      "name": "기타"
    }
  },
  {
    "model": "contract.documenttype",
    "pk": 1,
    "fields": {
      "sort": "proof",
      "name": "주민등록등본",
      "default_quantity": 1,
      "require_type": "required",
      "is_default_item": true,
      "description": "세대주, 주민등록번호 기재 필수",
      "is_active": true,
      "created": "2025-10-19T14:02:28.717Z",
      "updated": "2025-10-19T14:02:28.717Z",
      "creator": null,
      "updator": null
    }
  },
  {
    "model": "contract.documenttype",
    "pk": 2,
    "fields": {
      "sort": "proof",
      "name": "주민등록초본",
      "default_quantity": 1,
      "require_type": "required",
      "is_default_item": true,
      "description": "원초본, 주소변경내역 5년 이상 포함",
      "is_active": true,
      "created": "2025-10-19T14:02:28.719Z",
      "updated": "2025-10-19T14:02:28.719Z",
      "creator": null,
      "updator": null
    }
  },
  {
    "model": "contract.documenttype",
    "pk": 3,
    "fields": {
      "sort": "proof",
      "name": "가족관계증명서",
      "default_quantity": 1,
      "require_type": "required",
      "is_default_item": true,
      "description": "",
      "is_active": true,
      "created": "2025-10-19T14:02:28.720Z",
      "updated": "2025-10-19T14:02:28.720Z",
      "creator": null,
      "updator": null
    }
  },
  {
    "model": "contract.documenttype",
    "pk": 4,
    "fields": {
      "sort": "proof",
      "name": "인감증명서",
      "default_quantity": 6,
      "require_type": "required",
      "is_default_item": true,
      "description": "",
      "is_active": true,
      "created": "2025-10-19T14:02:28.721Z",
      "updated": "2025-10-19T14:02:28.721Z",
      "creator": null,
      "updator": null
    }
  },
  {
    "model": "contract.documenttype",
    "pk": 5,
    "fields": {
      "sort": "proof",
      "name": "인감도장",
      "default_quantity": 1,
      "require_type": "required",
      "is_default_item": true,
      "description": "날인 확인",
      "is_active": true,
      "created": "2025-10-19T14:02:28.722Z",
      "updated": "2025-10-24T14:48:09.971Z",
      "creator": null,
      "updator": null
    }
  },
  {
    "model": "contract.documenttype",
    "pk": 6,
    "fields": {
      "sort": "proof",
      "name": "신분증 사본",
      "default_quantity": 1,
      "require_type": "required",
      "is_default_item": true,
      "description": "계약자",
      "is_active": true,
      "created": "2025-10-19T14:02:28.723Z",
      "updated": "2025-10-25T15:00:58.916Z",
      "creator": null,
      "updator": null
    }
  },
  {
    "model": "contract.documenttype",
    "pk": 7,
    "fields": {
      "sort": "proof",
      "name": "배우자 주민등록등본",
      "default_quantity": 1,
      "require_type": "conditional",
      "is_default_item": true,
      "description": "[배우자 분리세대인 경우]",
      "is_active": true,
      "created": "2025-10-19T14:02:28.725Z",
      "updated": "2025-10-25T15:01:54.243Z",
      "creator": null,
      "updator": null
    }
  },
  {
    "model": "contract.documenttype",
    "pk": 8,
    "fields": {
      "sort": "proof",
      "name": "계약금 무통장 입금증",
      "default_quantity": 1,
      "require_type": "optional",
      "is_default_item": true,
      "description": "",
      "is_active": true,
      "created": "2025-10-19T14:02:28.726Z",
      "updated": "2025-10-25T15:02:26.786Z",
      "creator": null,
      "updator": null
    }
  },
  {
    "model": "contract.documenttype",
    "pk": 9,
    "fields": {
      "sort": "proof",
      "name": "계약용 위임장",
      "default_quantity": 1,
      "require_type": "conditional",
      "is_default_item": true,
      "description": "[대리인 계약 시], 계약자 인감날인 필, 계약 장소 비치",
      "is_active": true,
      "created": "2025-10-19T14:02:28.728Z",
      "updated": "2025-10-25T15:02:55.378Z",
      "creator": null,
      "updator": null
    }
  },
  {
    "model": "contract.documenttype",
    "pk": 10,
    "fields": {
      "sort": "proof",
      "name": "계약자 인감증명서",
      "default_quantity": 1,
      "require_type": "conditional",
      "is_default_item": true,
      "description": "[대리인 계약 시]",
      "is_active": true,
      "created": "2025-10-19T14:02:28.730Z",
      "updated": "2025-10-25T15:03:14.634Z",
      "creator": null,
      "updator": null
    }
  },
  {
    "model": "contract.documenttype",
    "pk": 11,
    "fields": {
      "sort": "proof",
      "name": "대리인 신분증 사본",
      "default_quantity": 1,
      "require_type": "conditional",
      "is_default_item": true,
      "description": "[대리인 계약 시]",
      "is_active": true,
      "created": "2025-10-19T14:02:28.731Z",
      "updated": "2025-10-25T15:03:31.109Z",
      "creator": null,
      "updator": null
    }
  },
  {
    "model": "contract.documenttype",
    "pk": 12,
    "fields": {
      "sort": "pledge",
      "name": "각서",
      "default_quantity": 1,
      "require_type": "required",
      "is_default_item": true,
      "description": "계약 장소 비치",
      "is_active": true,
      "created": "2025-10-19T14:02:28.732Z",
      "updated": "2025-10-27T02:22:28.686Z",
      "creator": null,
      "updator": null
    }
  },
  {
    "model": "contract.documenttype",
    "pk": 13,
    "fields": {
      "sort": "pledge",
      "name": "사업계획 동의서",
      "default_quantity": 1,
      "require_type": "required",
      "is_default_item": true,
      "description": "계약 장소 비치",
      "is_active": true,
      "created": "2025-10-25T14:03:17.863Z",
      "updated": "2025-10-27T02:22:33.295Z",
      "creator": null,
      "updator": null
    }
  },
  {
    "model": "contract.documenttype",
    "pk": 14,
    "fields": {
      "sort": "pledge",
      "name": "조합규약 동의서",
      "default_quantity": 1,
      "require_type": "required",
      "is_default_item": true,
      "description": "계약 장소 비치",
      "is_active": true,
      "created": "2025-10-25T14:04:23.427Z",
      "updated": "2025-10-27T02:22:44.648Z",
      "creator": null,
      "updator": null
    }
  },
  {
    "model": "contract.documenttype",
    "pk": 15,
    "fields": {
      "sort": "pledge",
      "name": "시공사 선정 동의서",
      "default_quantity": 1,
      "require_type": "required",
      "is_default_item": true,
      "description": "계약 장소 비치",
      "is_active": true,
      "created": "2025-10-25T14:04:37.238Z",
      "updated": "2025-10-27T02:22:51.196Z",
      "creator": null,
      "updator": null
    }
  },
  {
    "model": "contract.documenttype",
    "pk": 16,
    "fields": {
      "sort": "pledge",
      "name": "조합장 선정 동의서",
      "default_quantity": 1,
      "require_type": "required",
      "is_default_item": true,
      "description": "계약 장소 비치",
      "is_active": true,
      "created": "2025-10-25T14:04:51.473Z",
      "updated": "2025-10-27T02:22:56.266Z",
      "creator": null,
      "updator": null
    }
  },
  {
    "model": "contract.documenttype",
    "pk": 17,
    "fields": {
      "sort": "pledge",
      "name": "행정정보 공동이용 사전 동의서",
      "default_quantity": 1,
      "require_type": "required",
      "is_default_item": true,
      "description": "계약 장소 비치",
      "is_active": true,
      "created": "2025-10-25T14:05:16.644Z",
      "updated": "2025-10-27T02:23:00.855Z",
      "creator": null,
      "updator": null
    }
  },
  {
    "model": "contract.documenttype",
    "pk": 18,
    "fields": {
      "sort": "pledge",
      "name": "자금집행 동의서",
      "default_quantity": 1,
      "require_type": "required",
      "is_default_item": true,
      "description": "계약 장소 비치",
      "is_active": true,
      "created": "2025-10-25T14:08:24.696Z",
      "updated": "2025-10-27T02:23:05.164Z",
      "creator": null,
      "updator": null
    }
  },
  {
    "model": "contract.documenttype",
    "pk": 19,
    "fields": {
      "sort": "pledge",
      "name": "위임장",
      "default_quantity": 1,
      "require_type": "required",
      "is_default_item": true,
      "description": "계약 장소 비치",
      "is_active": true,
      "created": "2025-10-25T14:08:54.062Z",
      "updated": "2025-10-27T02:23:10.495Z",
      "creator": null,
      "updator": null
    }
  },
  {
    "model": "contract.documenttype",
    "pk": 20,
    "fields": {
      "sort": "pledge",
      "name": "사용인감계",
      "default_quantity": 1,
      "require_type": "required",
      "is_default_item": true,
      "description": "계약 장소 비치",
      "is_active": true,
      "created": "2025-10-25T14:09:41.616Z",
      "updated": "2025-10-27T02:23:15.741Z",
      "creator": null,
      "updator": null
    }
  },
  {
    "model": "contract.documenttype",
    "pk": 21,
    "fields": {
      "sort": "pledge",
      "name": "막도장",
      "default_quantity": 1,
      "require_type": "required",
      "is_default_item": true,
      "description": "조합제출용",
      "is_active": true,
      "created": "2025-10-25T14:09:57.357Z",
      "updated": "2025-10-25T14:59:26.223Z",
      "creator": null,
      "updator": null
    }
  },
  {
    "model": "ibs.accountsort",
    "pk": 1,
    "fields": {
      "name": "입금"
    }
  },
  {
    "model": "ibs.accountsort",
    "pk": 2,
    "fields": {
      "name": "출금"
    }
  },
  {
    "model": "ibs.accountsubd1",
    "pk": 1,
    "fields": {
      "code": "300",
      "name": "자산",
      "description": "자산 계정과목 기준",
      "sorts": [
        1,
        2
      ]
    }
  },
  {
    "model": "ibs.accountsubd1",
    "pk": 2,
    "fields": {
      "code": "100",
      "name": "부채",
      "description": "부채 계정과목 기준",
      "sorts": [
        1,
        2
      ]
    }
  },
  {
    "model": "ibs.accountsubd1",
    "pk": 3,
    "fields": {
      "code": "200",
      "name": "자본",
      "description": "자본 계정과목 기준",
      "sorts": [
        1,
        2
      ]
    }
  },
  {
    "model": "ibs.accountsubd1",
    "pk": 4,
    "fields": {
      "code": "800",
      "name": "수익",
      "description": "수익 계정과목 기준",
      "sorts": [
        1
      ]
    }
  },
  {
    "model": "ibs.accountsubd1",
    "pk": 5,
    "fields": {
      "code": "600",
      "name": "비용",
      "description": "비용 계정과목 기준",
      "sorts": [
        2
      ]
    }
  },
  {
    "model": "ibs.accountsubd1",
    "pk": 6,
    "fields": {
      "code": "500",
      "name": "대체",
      "description": "계좌간 내부 대체",
      "sorts": [
        1,
        2
      ]
    }
  },
  {
    "model": "ibs.accountsubd1",
    "pk": 7,
    "fields": {
      "code": "400",
      "name": "취소",
      "description": "취소된 출금 및 입금거래",
      "sorts": [
        1,
        2
      ]
    }
  },
  {
    "model": "ibs.accountsubd2",
    "pk": 1,
    "fields": {
      "d1": 1,
      "code": "310",
      "name": "당좌자산",
      "description": "당좌자산 계정과목 기준"
    }
  },
  {
    "model": "ibs.accountsubd2",
    "pk": 2,
    "fields": {
      "d1": 1,
      "code": "330",
      "name": "재고자산",
      "description": "재고자산 계정과목 기준"
    }
  },
  {
    "model": "ibs.accountsubd2",
    "pk": 3,
    "fields": {
      "d1": 1,
      "code": "350",
      "name": "투자자산",
      "description": "투자자산 계정과목 기준"
    }
  },
  {
    "model": "ibs.accountsubd2",
    "pk": 4,
    "fields": {
      "d1": 1,
      "code": "360",
      "name": "유형자산",
      "description": "유형자산 계정과목 기준"
    }
  },
  {
    "model": "ibs.accountsubd2",
    "pk": 5,
    "fields": {
      "d1": 1,
      "code": "370",
      "name": "무형자산",
      "description": "무형자산 계정과목 기준"
    }
  },
  {
    "model": "ibs.accountsubd2",
    "pk": 6,
    "fields": {
      "d1": 1,
      "code": "380",
      "name": "기타 비유동자산",
      "description": "기타 비유동자산자산 계정과목 기준"
    }
  },
  {
    "model": "ibs.accountsubd2",
    "pk": 7,
    "fields": {
      "d1": 2,
      "code": "110",
      "name": "유동부채",
      "description": "유동부채 계정과목 기준"
    }
  },
  {
    "model": "ibs.accountsubd2",
    "pk": 8,
    "fields": {
      "d1": 2,
      "code": "130",
      "name": "비유동부채",
      "description": "비유동부채 계정과목 기준"
    }
  },
  {
    "model": "ibs.accountsubd2",
    "pk": 9,
    "fields": {
      "d1": 3,
      "code": "210",
      "name": "자본금",
      "description": "자본금 계정과목 기준"
    }
  },
  {
    "model": "ibs.accountsubd2",
    "pk": 10,
    "fields": {
      "d1": 3,
      "code": "220",
      "name": "자본잉여금",
      "description": "자본잉여금 계정과목 기준"
    }
  },
  {
    "model": "ibs.accountsubd2",
    "pk": 11,
    "fields": {
      "d1": 3,
      "code": "230",
      "name": "이익잉여금",
      "description": "이익잉여금 계정과목 기준"
    }
  },
  {
    "model": "ibs.accountsubd2",
    "pk": 12,
    "fields": {
      "d1": 3,
      "code": "240",
      "name": "자본조정",
      "description": "자본조정 계정과목 기준"
    }
  },
  {
    "model": "ibs.accountsubd2",
    "pk": 13,
    "fields": {
      "d1": 3,
      "code": "250",
      "name": "기타포괄 손익누계액",
      "description": "기타포괄 손익누계액 계정과목 기준"
    }
  },
  {
    "model": "ibs.accountsubd2",
    "pk": 14,
    "fields": {
      "d1": 4,
      "code": "810",
      "name": "매출액",
      "description": "매출액 계정과목 기준"
    }
  },
  {
    "model": "ibs.accountsubd2",
    "pk": 15,
    "fields": {
      "d1": 4,
      "code": "820",
      "name": "영업외수익",
      "description": "영업외수익 계정과목 기준"
    }
  },
  {
    "model": "ibs.accountsubd2",
    "pk": 16,
    "fields": {
      "d1": 5,
      "code": "610",
      "name": "매출원가",
      "description": "매출원가 계정과목 기준"
    }
  },
  {
    "model": "ibs.accountsubd2",
    "pk": 17,
    "fields": {
      "d1": 5,
      "code": "620",
      "name": "판매비와 관리비",
      "description": "판매비와 관리비 계정과목 기준"
    }
  },
  {
    "model": "ibs.accountsubd2",
    "pk": 18,
    "fields": {
      "d1": 5,
      "code": "650",
      "name": "영업외비용",
      "description": "영업외비용 계정과목 기준"
    }
  },
  {
    "model": "ibs.accountsubd2",
    "pk": 19,
    "fields": {
      "d1": 6,
      "code": "510",
      "name": "대체",
      "description": "대체"
    }
  },
  {
    "model": "ibs.accountsubd2",
    "pk": 20,
    "fields": {
      "d1": 7,
      "code": "410",
      "name": "취소",
      "description": "취소된 출금 및 입금거래"
    }
  },
  {
    "model": "ibs.accountsubd3",
    "pk": 1,
    "fields": {
      "sort": 2,
      "d2": 1,
      "code": "111",
      "name": "현금(출금)",
      "is_hide": false,
      "is_special": false,
      "description": "통화, 자기앞수표, 인방행 당좌수표, 가계수표"
    }
  },
  {
    "model": "ibs.accountsubd3",
    "pk": 2,
    "fields": {
      "sort": 2,
      "d2": 1,
      "code": "112",
      "name": "당좌예금(출금)",
      "is_hide": false,
      "is_special": false,
      "description": "당좌거래와 관련한 예금"
    }
  },
  {
    "model": "ibs.accountsubd3",
    "pk": 3,
    "fields": {
      "sort": 2,
      "d2": 1,
      "code": "113",
      "name": "보통예금(출금)",
      "is_hide": false,
      "is_special": false,
      "description": "보통예금 입/출금"
    }
  },
  {
    "model": "ibs.accountsubd3",
    "pk": 4,
    "fields": {
      "sort": 2,
      "d2": 1,
      "code": "114",
      "name": "유가증권",
      "is_hide": false,
      "is_special": false,
      "description": "국채, 공채, 지방채 등의 매입 및 처분"
    }
  },
  {
    "model": "ibs.accountsubd3",
    "pk": 5,
    "fields": {
      "sort": 1,
      "d2": 1,
      "code": "120",
      "name": "매출채권(입금)",
      "is_hide": true,
      "is_special": false,
      "description": "상품, 제품 또는 용역을 제공한 대금을 외상으로 한 경우"
    }
  },
  {
    "model": "ibs.accountsubd3",
    "pk": 6,
    "fields": {
      "sort": 2,
      "d2": 1,
      "code": "122",
      "name": " 관계회사 대여금",
      "is_hide": false,
      "is_special": false,
      "description": "관계회사 대여금(조합 사업비 대여 또는 대지급금)"
    }
  },
  {
    "model": "ibs.accountsubd3",
    "pk": 7,
    "fields": {
      "sort": 2,
      "d2": 1,
      "code": "121",
      "name": " 단기대여금",
      "is_hide": false,
      "is_special": false,
      "description": "타인에게 대여한 대여금(대여기간 1년이내)"
    }
  },
  {
    "model": "ibs.accountsubd3",
    "pk": 8,
    "fields": {
      "sort": 1,
      "d2": 1,
      "code": "123",
      "name": " 미수금(입금)",
      "is_hide": false,
      "is_special": false,
      "description": "고정자산을 매각하고 대금을 외상으로 한 경우"
    }
  },
  {
    "model": "ibs.accountsubd3",
    "pk": 9,
    "fields": {
      "sort": 2,
      "d2": 1,
      "code": "124",
      "name": "선급금",
      "is_hide": false,
      "is_special": false,
      "description": "물품을 인도받기 전 대금을 미리 지급한 경우"
    }
  },
  {
    "model": "ibs.accountsubd3",
    "pk": 10,
    "fields": {
      "sort": 2,
      "d2": 1,
      "code": "125",
      "name": "선급비용",
      "is_hide": false,
      "is_special": false,
      "description": "각종 비용을 미리 지급한 것 (미경과 비용)"
    }
  },
  {
    "model": "ibs.accountsubd3",
    "pk": 11,
    "fields": {
      "sort": 2,
      "d2": 1,
      "code": "126",
      "name": "가지급금",
      "is_hide": false,
      "is_special": false,
      "description": "대표이사에게 일시적으로 돈을 빌려준 것"
    }
  },
  {
    "model": "ibs.accountsubd3",
    "pk": 12,
    "fields": {
      "sort": 2,
      "d2": 1,
      "code": "127",
      "name": "선납세금",
      "is_hide": false,
      "is_special": false,
      "description": "예금이자에 대한 이자 소득세 등"
    }
  },
  {
    "model": "ibs.accountsubd3",
    "pk": 13,
    "fields": {
      "sort": 2,
      "d2": 1,
      "code": "128",
      "name": "종업원대여금",
      "is_hide": false,
      "is_special": false,
      "description": "업무와 관련없이 종업원에게 대여하여 준것"
    }
  },
  {
    "model": "ibs.accountsubd3",
    "pk": 14,
    "fields": {
      "sort": 2,
      "d2": 1,
      "code": "129",
      "name": "전도금",
      "is_hide": false,
      "is_special": false,
      "description": "회사의 업무와 관련하여 경비 확정전 일시 지급한 금액"
    }
  },
  {
    "model": "ibs.accountsubd3",
    "pk": 15,
    "fields": {
      "sort": 1,
      "d2": 2,
      "code": "131",
      "name": "[판매] - 상품",
      "is_hide": true,
      "is_special": false,
      "description": "상품(도/소매업)"
    }
  },
  {
    "model": "ibs.accountsubd3",
    "pk": 16,
    "fields": {
      "sort": 1,
      "d2": 2,
      "code": "132",
      "name": "[판매] - 제품",
      "is_hide": true,
      "is_special": false,
      "description": "제조업의 완성제품"
    }
  },
  {
    "model": "ibs.accountsubd3",
    "pk": 17,
    "fields": {
      "sort": 1,
      "d2": 2,
      "code": "133",
      "name": "[매각] - 완성건물",
      "is_hide": true,
      "is_special": false,
      "description": "건설업의 완성건물"
    }
  },
  {
    "model": "ibs.accountsubd3",
    "pk": 18,
    "fields": {
      "sort": 2,
      "d2": 2,
      "code": "134",
      "name": "원재료(매입)",
      "is_hide": true,
      "is_special": false,
      "description": "제조업의 원재료"
    }
  },
  {
    "model": "ibs.accountsubd3",
    "pk": 19,
    "fields": {
      "sort": 2,
      "d2": 2,
      "code": "135",
      "name": "건설용지(매입)",
      "is_hide": false,
      "is_special": false,
      "description": "건설업의 건설용지"
    }
  },
  {
    "model": "ibs.accountsubd3",
    "pk": 20,
    "fields": {
      "sort": 2,
      "d2": 2,
      "code": "136",
      "name": "가설재(매입)",
      "is_hide": false,
      "is_special": false,
      "description": "가설재(건설업)"
    }
  },
  {
    "model": "ibs.accountsubd3",
    "pk": 21,
    "fields": {
      "sort": 1,
      "d2": 2,
      "code": "137",
      "name": "[매각] - 재공품",
      "is_hide": true,
      "is_special": false,
      "description": "일정시점에 생산과정에 있는 미완성된 제품의 평가액"
    }
  },
  {
    "model": "ibs.accountsubd3",
    "pk": 22,
    "fields": {
      "sort": 2,
      "d2": 3,
      "code": "151",
      "name": "장기금융상품(출금)",
      "is_hide": false,
      "is_special": false,
      "description": "예치기간이 1년을 초과하는 장기성 예금 또는 사용이 제한되어있는 예금"
    }
  },
  {
    "model": "ibs.accountsubd3",
    "pk": 23,
    "fields": {
      "sort": 2,
      "d2": 3,
      "code": "152",
      "name": "장기투자증권",
      "is_hide": false,
      "is_special": false,
      "description": "투자를 목적으로 취득한 주식 등"
    }
  },
  {
    "model": "ibs.accountsubd3",
    "pk": 24,
    "fields": {
      "sort": 2,
      "d2": 3,
      "code": "153",
      "name": "장기대여금",
      "is_hide": false,
      "is_special": false,
      "description": "대여기간이 1년을 초과하여 기업의 자금을 대여한 것"
    }
  },
  {
    "model": "ibs.accountsubd3",
    "pk": 25,
    "fields": {
      "sort": 2,
      "d2": 3,
      "code": "154",
      "name": "투자부동산",
      "is_hide": false,
      "is_special": false,
      "description": "투자목적으로 취득한 부동산"
    }
  },
  {
    "model": "ibs.accountsubd3",
    "pk": 26,
    "fields": {
      "sort": 2,
      "d2": 3,
      "code": "155",
      "name": "지분법적용투자주식(입금)",
      "is_hide": true,
      "is_special": false,
      "description": "지분법적용 투자주식"
    }
  },
  {
    "model": "ibs.accountsubd3",
    "pk": 27,
    "fields": {
      "sort": 2,
      "d2": 4,
      "code": "161",
      "name": "토지(매입)",
      "is_hide": false,
      "is_special": false,
      "description": "토지"
    }
  },
  {
    "model": "ibs.accountsubd3",
    "pk": 28,
    "fields": {
      "sort": 2,
      "d2": 4,
      "code": "162",
      "name": "건물(매입)",
      "is_hide": false,
      "is_special": false,
      "description": "사무실, 공장, 창고 등 회사소유 건물"
    }
  },
  {
    "model": "ibs.accountsubd3",
    "pk": 29,
    "fields": {
      "sort": 2,
      "d2": 4,
      "code": "163",
      "name": "구축물(입금)",
      "is_hide": true,
      "is_special": false,
      "description": "용수설비 등"
    }
  },
  {
    "model": "ibs.accountsubd3",
    "pk": 30,
    "fields": {
      "sort": 2,
      "d2": 4,
      "code": "165",
      "name": "기계장치",
      "is_hide": false,
      "is_special": false,
      "description": "각종 기계장치"
    }
  },
  {
    "model": "ibs.accountsubd3",
    "pk": 31,
    "fields": {
      "sort": 2,
      "d2": 4,
      "code": "166",
      "name": "차량운반구",
      "is_hide": false,
      "is_special": false,
      "description": "화물자동차, 승용자동차, 지게차, 중기 등"
    }
  },
  {
    "model": "ibs.accountsubd3",
    "pk": 32,
    "fields": {
      "sort": 2,
      "d2": 4,
      "code": "167",
      "name": "공구와기구",
      "is_hide": false,
      "is_special": false,
      "description": "공구, 기구로서 100만원을 초과하는 것(이하:소모품)"
    }
  },
  {
    "model": "ibs.accountsubd3",
    "pk": 33,
    "fields": {
      "sort": 1,
      "d2": 4,
      "code": "168",
      "name": "건설중인자산(입금)",
      "is_hide": true,
      "is_special": false,
      "description": "건설중인 자산의 가액"
    }
  },
  {
    "model": "ibs.accountsubd3",
    "pk": 34,
    "fields": {
      "sort": 2,
      "d2": 4,
      "code": "169",
      "name": "비품",
      "is_hide": false,
      "is_special": false,
      "description": "책상, 의자, 에어컨, 캐비넷, 컴퓨터, 팩시밀리, 복사기 등"
    }
  },
  {
    "model": "ibs.accountsubd3",
    "pk": 35,
    "fields": {
      "sort": 2,
      "d2": 5,
      "code": "171",
      "name": "영업권",
      "is_hide": false,
      "is_special": false,
      "description": "영업상의 권리"
    }
  },
  {
    "model": "ibs.accountsubd3",
    "pk": 36,
    "fields": {
      "sort": 2,
      "d2": 5,
      "code": "172",
      "name": "특허권",
      "is_hide": false,
      "is_special": false,
      "description": "특허와 관련한 권리를 금전적 가치로 계상한 것"
    }
  },
  {
    "model": "ibs.accountsubd3",
    "pk": 37,
    "fields": {
      "sort": 2,
      "d2": 5,
      "code": "173",
      "name": "상표권",
      "is_hide": false,
      "is_special": false,
      "description": "영업상의 권리"
    }
  },
  {
    "model": "ibs.accountsubd3",
    "pk": 38,
    "fields": {
      "sort": 2,
      "d2": 5,
      "code": "174",
      "name": "개발비",
      "is_hide": false,
      "is_special": false,
      "description": "개발과 관련하여 지출한 고액비용"
    }
  },
  {
    "model": "ibs.accountsubd3",
    "pk": 39,
    "fields": {
      "sort": 2,
      "d2": 5,
      "code": "175",
      "name": "소프트웨어",
      "is_hide": false,
      "is_special": false,
      "description": "고가의 소프트웨어 구입비, 개발비"
    }
  },
  {
    "model": "ibs.accountsubd3",
    "pk": 40,
    "fields": {
      "sort": 2,
      "d2": 6,
      "code": "181",
      "name": "임차보증금",
      "is_hide": false,
      "is_special": false,
      "description": "사무실, 공장 등의 임차보증금"
    }
  },
  {
    "model": "ibs.accountsubd3",
    "pk": 41,
    "fields": {
      "sort": 2,
      "d2": 6,
      "code": "182",
      "name": "기타보증금",
      "is_hide": false,
      "is_special": false,
      "description": "영업보증금, 보증금 등"
    }
  },
  {
    "model": "ibs.accountsubd3",
    "pk": 42,
    "fields": {
      "sort": 1,
      "d2": 6,
      "code": "183",
      "name": "장기매출채권(입금)",
      "is_hide": true,
      "is_special": false,
      "description": "장기매출채권"
    }
  },
  {
    "model": "ibs.accountsubd3",
    "pk": 43,
    "fields": {
      "sort": 1,
      "d2": 6,
      "code": "184",
      "name": "장기미수금(입금)",
      "is_hide": true,
      "is_special": false,
      "description": "장기미수금"
    }
  },
  {
    "model": "ibs.accountsubd3",
    "pk": 44,
    "fields": {
      "sort": 1,
      "d2": 6,
      "code": "185",
      "name": "이연법인세자산(입금)",
      "is_hide": true,
      "is_special": false,
      "description": "이연법인세자산"
    }
  },
  {
    "model": "ibs.accountsubd3",
    "pk": 45,
    "fields": {
      "sort": 1,
      "d2": 7,
      "code": "211",
      "name": "매입채무(입금)",
      "is_hide": true,
      "is_special": false,
      "description": "물품 등을 구입하고 그 대금을 나중에 지급하기로 한 것"
    }
  },
  {
    "model": "ibs.accountsubd3",
    "pk": 46,
    "fields": {
      "sort": 1,
      "d2": 7,
      "code": "226",
      "name": "관계회사 차입금",
      "is_hide": false,
      "is_special": false,
      "description": "관계회사 차입금"
    }
  },
  {
    "model": "ibs.accountsubd3",
    "pk": 47,
    "fields": {
      "sort": 1,
      "d2": 7,
      "code": "212",
      "name": "단기차입금",
      "is_hide": false,
      "is_special": false,
      "description": "1년 이내에 상환하여야 하는 차입금"
    }
  },
  {
    "model": "ibs.accountsubd3",
    "pk": 48,
    "fields": {
      "sort": 1,
      "d2": 7,
      "code": "213",
      "name": "미지급금(입금)",
      "is_hide": true,
      "is_special": false,
      "description": "고정자산 등을 구입하고 그 대금을 나중에 지급하기로 한 것"
    }
  },
  {
    "model": "ibs.accountsubd3",
    "pk": 49,
    "fields": {
      "sort": 1,
      "d2": 7,
      "code": "214",
      "name": "예수금(입금)",
      "is_hide": false,
      "is_special": false,
      "description": "갑근세, 국민연금, 건강보험 등을 근로자로부터 미리 받아둔 것"
    }
  },
  {
    "model": "ibs.accountsubd3",
    "pk": 50,
    "fields": {
      "sort": 1,
      "d2": 7,
      "code": "215",
      "name": "부가세예수금",
      "is_hide": false,
      "is_special": false,
      "description": "매출 시 매입자로부터 받아 둔 부가가치세"
    }
  },
  {
    "model": "ibs.accountsubd3",
    "pk": 51,
    "fields": {
      "sort": 1,
      "d2": 7,
      "code": "221",
      "name": "가수금",
      "is_hide": false,
      "is_special": false,
      "description": "대표이사로부터 일시 차입한 돈"
    }
  },
  {
    "model": "ibs.accountsubd3",
    "pk": 52,
    "fields": {
      "sort": 1,
      "d2": 7,
      "code": "222",
      "name": "선수금",
      "is_hide": false,
      "is_special": false,
      "description": "제품을 인도하기 전 그 대금을 미리 받은 것"
    }
  },
  {
    "model": "ibs.accountsubd3",
    "pk": 53,
    "fields": {
      "sort": 1,
      "d2": 7,
      "code": "223",
      "name": "미지급비용(입금)",
      "is_hide": true,
      "is_special": false,
      "description": "비용과 관련하여 그 대금을 나중에 지급하기로 한 것"
    }
  },
  {
    "model": "ibs.accountsubd3",
    "pk": 54,
    "fields": {
      "sort": 1,
      "d2": 7,
      "code": "224",
      "name": "미지급세금(입금)",
      "is_hide": true,
      "is_special": false,
      "description": "법인세 등의 미지급액"
    }
  },
  {
    "model": "ibs.accountsubd3",
    "pk": 55,
    "fields": {
      "sort": 1,
      "d2": 7,
      "code": "225",
      "name": "이연법인세부채(입금)",
      "is_hide": true,
      "is_special": false,
      "description": "이연법인세부채"
    }
  },
  {
    "model": "ibs.accountsubd3",
    "pk": 56,
    "fields": {
      "sort": 1,
      "d2": 8,
      "code": "231",
      "name": "사채(입금)",
      "is_hide": false,
      "is_special": false,
      "description": "1년 이후에 상환예정인 회사채(개인사채가 아님)"
    }
  },
  {
    "model": "ibs.accountsubd3",
    "pk": 57,
    "fields": {
      "sort": 1,
      "d2": 8,
      "code": "232",
      "name": "장기차입금",
      "is_hide": false,
      "is_special": false,
      "description": "상환기간이 1년을 초과하는 차입금"
    }
  },
  {
    "model": "ibs.accountsubd3",
    "pk": 58,
    "fields": {
      "sort": 1,
      "d2": 8,
      "code": "233",
      "name": "신주인수권부사채(입금)",
      "is_hide": true,
      "is_special": true,
      "description": "신주를 살 수 있는 권리(인수권)가 붙은 사채"
    }
  },
  {
    "model": "ibs.accountsubd3",
    "pk": 59,
    "fields": {
      "sort": 1,
      "d2": 8,
      "code": "234",
      "name": "전환사채(입금)",
      "is_hide": true,
      "is_special": false,
      "description": "일정한 기간이 지나 사채권자의 청구가 있을 때 주식으로 전환할 수 있는 사채"
    }
  },
  {
    "model": "ibs.accountsubd3",
    "pk": 60,
    "fields": {
      "sort": 1,
      "d2": 8,
      "code": "235",
      "name": "퇴직급여충당부채(입금)",
      "is_hide": true,
      "is_special": false,
      "description": "퇴직급여충당부채"
    }
  },
  {
    "model": "ibs.accountsubd3",
    "pk": 61,
    "fields": {
      "sort": 1,
      "d2": 9,
      "code": "511",
      "name": "보통주자본금",
      "is_hide": false,
      "is_special": false,
      "description": "법인의 경우 납입자본금(보통주)"
    }
  },
  {
    "model": "ibs.accountsubd3",
    "pk": 62,
    "fields": {
      "sort": 1,
      "d2": 9,
      "code": "512",
      "name": "우선주자본금",
      "is_hide": false,
      "is_special": false,
      "description": "법인의 경우 납입자본금(우선주)"
    }
  },
  {
    "model": "ibs.accountsubd3",
    "pk": 63,
    "fields": {
      "sort": 1,
      "d2": 10,
      "code": "521",
      "name": "자본잉여금(입금)",
      "is_hide": true,
      "is_special": false,
      "description": "주식발행초과금, 감자이익"
    }
  },
  {
    "model": "ibs.accountsubd3",
    "pk": 64,
    "fields": {
      "sort": 1,
      "d2": 11,
      "code": "531",
      "name": "이익준비금(입금)",
      "is_hide": true,
      "is_special": false,
      "description": "이익잉여금의 처분으로 사내에 유보된 금액"
    }
  },
  {
    "model": "ibs.accountsubd3",
    "pk": 65,
    "fields": {
      "sort": 1,
      "d2": 11,
      "code": "532",
      "name": "기업합리화적립금(입금)",
      "is_hide": true,
      "is_special": false,
      "description": "기업합리화 적립금"
    }
  },
  {
    "model": "ibs.accountsubd3",
    "pk": 66,
    "fields": {
      "sort": 1,
      "d2": 11,
      "code": "533",
      "name": "임의적립금(입금)",
      "is_hide": true,
      "is_special": false,
      "description": "이익잉여금의 처분으로 임의로 사내에 유보한 금액"
    }
  },
  {
    "model": "ibs.accountsubd3",
    "pk": 67,
    "fields": {
      "sort": 1,
      "d2": 11,
      "code": "534",
      "name": "이월이익잉여금(입금)",
      "is_hide": true,
      "is_special": false,
      "description": "다음 사업연도로 이월하는 이익 잉여금"
    }
  },
  {
    "model": "ibs.accountsubd3",
    "pk": 68,
    "fields": {
      "sort": 1,
      "d2": 11,
      "code": "535",
      "name": "미처분이익잉여금(입금)",
      "is_hide": true,
      "is_special": false,
      "description": "미처분이익잉여금"
    }
  },
  {
    "model": "ibs.accountsubd3",
    "pk": 69,
    "fields": {
      "sort": 1,
      "d2": 11,
      "code": "536",
      "name": "미처리결손금(입금)",
      "is_hide": true,
      "is_special": false,
      "description": "미처리결손금"
    }
  },
  {
    "model": "ibs.accountsubd3",
    "pk": 70,
    "fields": {
      "sort": 1,
      "d2": 12,
      "code": "541",
      "name": "주식할인발행차금(입금)",
      "is_hide": true,
      "is_special": false,
      "description": "주식할인발행차금"
    }
  },
  {
    "model": "ibs.accountsubd3",
    "pk": 71,
    "fields": {
      "sort": 1,
      "d2": 12,
      "code": "542",
      "name": "자기주식(입금)",
      "is_hide": true,
      "is_special": false,
      "description": "자기주식"
    }
  },
  {
    "model": "ibs.accountsubd3",
    "pk": 72,
    "fields": {
      "sort": 1,
      "d2": 12,
      "code": "543",
      "name": "주식매수선택권(입금)",
      "is_hide": true,
      "is_special": false,
      "description": "주식매수선택권"
    }
  },
  {
    "model": "ibs.accountsubd3",
    "pk": 73,
    "fields": {
      "sort": 1,
      "d2": 12,
      "code": "544",
      "name": "출자전환채무(입금)",
      "is_hide": true,
      "is_special": false,
      "description": "출자전환채무"
    }
  },
  {
    "model": "ibs.accountsubd3",
    "pk": 74,
    "fields": {
      "sort": 1,
      "d2": 12,
      "code": "545",
      "name": "감자차손(입금)",
      "is_hide": true,
      "is_special": false,
      "description": "감자차손"
    }
  },
  {
    "model": "ibs.accountsubd3",
    "pk": 75,
    "fields": {
      "sort": 1,
      "d2": 12,
      "code": "546",
      "name": "자기주식처분손실(입금)",
      "is_hide": true,
      "is_special": false,
      "description": "자기주식처분손실"
    }
  },
  {
    "model": "ibs.accountsubd3",
    "pk": 76,
    "fields": {
      "sort": 1,
      "d2": 13,
      "code": "551",
      "name": "매도가능증권평가이익(입금)",
      "is_hide": true,
      "is_special": false,
      "description": "매도가능증권평가이익"
    }
  },
  {
    "model": "ibs.accountsubd3",
    "pk": 77,
    "fields": {
      "sort": 1,
      "d2": 13,
      "code": "552",
      "name": "해외사업환산손익(입금)",
      "is_hide": true,
      "is_special": false,
      "description": "해외사업환산손익"
    }
  },
  {
    "model": "ibs.accountsubd3",
    "pk": 78,
    "fields": {
      "sort": 1,
      "d2": 14,
      "code": "711",
      "name": "상품매출",
      "is_hide": true,
      "is_special": false,
      "description": "상품매출"
    }
  },
  {
    "model": "ibs.accountsubd3",
    "pk": 79,
    "fields": {
      "sort": 1,
      "d2": 14,
      "code": "712",
      "name": "제품매출",
      "is_hide": true,
      "is_special": false,
      "description": "제품매출"
    }
  },
  {
    "model": "ibs.accountsubd3",
    "pk": 80,
    "fields": {
      "sort": 1,
      "d2": 14,
      "code": "713",
      "name": "매출",
      "is_hide": false,
      "is_special": false,
      "description": "매출"
    }
  },
  {
    "model": "ibs.accountsubd3",
    "pk": 81,
    "fields": {
      "sort": 1,
      "d2": 14,
      "code": "714",
      "name": "공사수입금",
      "is_hide": false,
      "is_special": false,
      "description": "공사수입금"
    }
  },
  {
    "model": "ibs.accountsubd3",
    "pk": 82,
    "fields": {
      "sort": 1,
      "d2": 14,
      "code": "715",
      "name": "수임수수료",
      "is_hide": false,
      "is_special": false,
      "description": "수임수수료"
    }
  },
  {
    "model": "ibs.accountsubd3",
    "pk": 83,
    "fields": {
      "sort": 1,
      "d2": 15,
      "code": "721",
      "name": "이자수익",
      "is_hide": false,
      "is_special": false,
      "description": "이자 등의 수익"
    }
  },
  {
    "model": "ibs.accountsubd3",
    "pk": 84,
    "fields": {
      "sort": 1,
      "d2": 15,
      "code": "722",
      "name": "유가증권이자",
      "is_hide": false,
      "is_special": false,
      "description": "유가증권이자"
    }
  },
  {
    "model": "ibs.accountsubd3",
    "pk": 85,
    "fields": {
      "sort": 1,
      "d2": 15,
      "code": "723",
      "name": "배당금수익",
      "is_hide": false,
      "is_special": false,
      "description": "배당금수익"
    }
  },
  {
    "model": "ibs.accountsubd3",
    "pk": 86,
    "fields": {
      "sort": 1,
      "d2": 15,
      "code": "731",
      "name": "임대료",
      "is_hide": false,
      "is_special": false,
      "description": "임대료 수익"
    }
  },
  {
    "model": "ibs.accountsubd3",
    "pk": 87,
    "fields": {
      "sort": 1,
      "d2": 15,
      "code": "732",
      "name": "유가증권처분이익",
      "is_hide": false,
      "is_special": false,
      "description": "유가증권처분이익"
    }
  },
  {
    "model": "ibs.accountsubd3",
    "pk": 88,
    "fields": {
      "sort": 1,
      "d2": 15,
      "code": "733",
      "name": "외환차익",
      "is_hide": false,
      "is_special": false,
      "description": "외환차익"
    }
  },
  {
    "model": "ibs.accountsubd3",
    "pk": 89,
    "fields": {
      "sort": 1,
      "d2": 15,
      "code": "734",
      "name": "외화환산이익",
      "is_hide": false,
      "is_special": false,
      "description": "외화환산이익"
    }
  },
  {
    "model": "ibs.accountsubd3",
    "pk": 90,
    "fields": {
      "sort": 1,
      "d2": 15,
      "code": "735",
      "name": "유형자산처분이익",
      "is_hide": false,
      "is_special": false,
      "description": "유형자산처분이익"
    }
  },
  {
    "model": "ibs.accountsubd3",
    "pk": 91,
    "fields": {
      "sort": 1,
      "d2": 15,
      "code": "736",
      "name": "투자자산처분이익",
      "is_hide": false,
      "is_special": false,
      "description": "투자자산처분이익"
    }
  },
  {
    "model": "ibs.accountsubd3",
    "pk": 92,
    "fields": {
      "sort": 1,
      "d2": 15,
      "code": "737",
      "name": "잡이익",
      "is_hide": false,
      "is_special": false,
      "description": "잡이익"
    }
  },
  {
    "model": "ibs.accountsubd3",
    "pk": 93,
    "fields": {
      "sort": 2,
      "d2": 16,
      "code": "811",
      "name": "상품매출원가",
      "is_hide": false,
      "is_special": false,
      "description": "상품매출원가"
    }
  },
  {
    "model": "ibs.accountsubd3",
    "pk": 94,
    "fields": {
      "sort": 2,
      "d2": 16,
      "code": "812",
      "name": "제품매출원가",
      "is_hide": false,
      "is_special": false,
      "description": "제품매출원가"
    }
  },
  {
    "model": "ibs.accountsubd3",
    "pk": 95,
    "fields": {
      "sort": 2,
      "d2": 17,
      "code": "821",
      "name": "급여",
      "is_hide": false,
      "is_special": false,
      "description": "급여"
    }
  },
  {
    "model": "ibs.accountsubd3",
    "pk": 96,
    "fields": {
      "sort": 2,
      "d2": 17,
      "code": "822",
      "name": "상여금",
      "is_hide": false,
      "is_special": false,
      "description": "상여금"
    }
  },
  {
    "model": "ibs.accountsubd3",
    "pk": 97,
    "fields": {
      "sort": 2,
      "d2": 17,
      "code": "823",
      "name": "잡급",
      "is_hide": false,
      "is_special": false,
      "description": "잡급"
    }
  },
  {
    "model": "ibs.accountsubd3",
    "pk": 98,
    "fields": {
      "sort": 2,
      "d2": 17,
      "code": "824",
      "name": "복리후생비",
      "is_hide": false,
      "is_special": false,
      "description": "복리후생비"
    }
  },
  {
    "model": "ibs.accountsubd3",
    "pk": 99,
    "fields": {
      "sort": 2,
      "d2": 17,
      "code": "825",
      "name": "여비교통비",
      "is_hide": false,
      "is_special": false,
      "description": "여비교통비"
    }
  },
  {
    "model": "ibs.accountsubd3",
    "pk": 100,
    "fields": {
      "sort": 2,
      "d2": 17,
      "code": "826",
      "name": "접대비",
      "is_hide": false,
      "is_special": false,
      "description": "접대비"
    }
  },
  {
    "model": "ibs.accountsubd3",
    "pk": 101,
    "fields": {
      "sort": 2,
      "d2": 17,
      "code": "827",
      "name": "통신비",
      "is_hide": false,
      "is_special": false,
      "description": "통신비"
    }
  },
  {
    "model": "ibs.accountsubd3",
    "pk": 102,
    "fields": {
      "sort": 2,
      "d2": 17,
      "code": "828",
      "name": "수도광열비",
      "is_hide": false,
      "is_special": false,
      "description": "수도광열비"
    }
  },
  {
    "model": "ibs.accountsubd3",
    "pk": 103,
    "fields": {
      "sort": 2,
      "d2": 17,
      "code": "831",
      "name": "세금과공과금",
      "is_hide": false,
      "is_special": false,
      "description": "세금과공과금"
    }
  },
  {
    "model": "ibs.accountsubd3",
    "pk": 104,
    "fields": {
      "sort": 2,
      "d2": 17,
      "code": "832",
      "name": "감가상각비",
      "is_hide": false,
      "is_special": false,
      "description": "감가상각비"
    }
  },
  {
    "model": "ibs.accountsubd3",
    "pk": 105,
    "fields": {
      "sort": 2,
      "d2": 17,
      "code": "833",
      "name": "임차료",
      "is_hide": false,
      "is_special": false,
      "description": "임차료"
    }
  },
  {
    "model": "ibs.accountsubd3",
    "pk": 106,
    "fields": {
      "sort": 2,
      "d2": 17,
      "code": "828",
      "name": "건물관리비",
      "is_hide": false,
      "is_special": false,
      "description": "건물관리비"
    }
  },
  {
    "model": "ibs.accountsubd3",
    "pk": 107,
    "fields": {
      "sort": 2,
      "d2": 17,
      "code": "834",
      "name": "수선비",
      "is_hide": false,
      "is_special": false,
      "description": "수선비"
    }
  },
  {
    "model": "ibs.accountsubd3",
    "pk": 108,
    "fields": {
      "sort": 2,
      "d2": 17,
      "code": "835",
      "name": "보험료",
      "is_hide": false,
      "is_special": false,
      "description": "보험료"
    }
  },
  {
    "model": "ibs.accountsubd3",
    "pk": 109,
    "fields": {
      "sort": 2,
      "d2": 17,
      "code": "836",
      "name": "차량유지비",
      "is_hide": false,
      "is_special": false,
      "description": "차량유지비"
    }
  },
  {
    "model": "ibs.accountsubd3",
    "pk": 110,
    "fields": {
      "sort": 2,
      "d2": 17,
      "code": "837",
      "name": "연구개발비",
      "is_hide": false,
      "is_special": false,
      "description": "연구개발비"
    }
  },
  {
    "model": "ibs.accountsubd3",
    "pk": 111,
    "fields": {
      "sort": 2,
      "d2": 17,
      "code": "838",
      "name": "운반비",
      "is_hide": false,
      "is_special": false,
      "description": "운반비"
    }
  },
  {
    "model": "ibs.accountsubd3",
    "pk": 112,
    "fields": {
      "sort": 2,
      "d2": 17,
      "code": "839",
      "name": "교육훈련비",
      "is_hide": false,
      "is_special": false,
      "description": "교육훈련비"
    }
  },
  {
    "model": "ibs.accountsubd3",
    "pk": 113,
    "fields": {
      "sort": 2,
      "d2": 17,
      "code": "841",
      "name": "도서인쇄비",
      "is_hide": false,
      "is_special": false,
      "description": "도서인쇄비"
    }
  },
  {
    "model": "ibs.accountsubd3",
    "pk": 114,
    "fields": {
      "sort": 2,
      "d2": 17,
      "code": "842",
      "name": "회의비",
      "is_hide": false,
      "is_special": false,
      "description": "회의비"
    }
  },
  {
    "model": "ibs.accountsubd3",
    "pk": 115,
    "fields": {
      "sort": 2,
      "d2": 17,
      "code": "843",
      "name": "포장비",
      "is_hide": false,
      "is_special": false,
      "description": "포장비"
    }
  },
  {
    "model": "ibs.accountsubd3",
    "pk": 116,
    "fields": {
      "sort": 2,
      "d2": 17,
      "code": "844",
      "name": "소모품비",
      "is_hide": false,
      "is_special": false,
      "description": "소모품비"
    }
  },
  {
    "model": "ibs.accountsubd3",
    "pk": 117,
    "fields": {
      "sort": 2,
      "d2": 17,
      "code": "130",
      "name": "사무용품비",
      "is_hide": false,
      "is_special": false,
      "description": "사무용품"
    }
  },
  {
    "model": "ibs.accountsubd3",
    "pk": 118,
    "fields": {
      "sort": 2,
      "d2": 17,
      "code": "845",
      "name": "지급수수료",
      "is_hide": false,
      "is_special": false,
      "description": "지급수수료"
    }
  },
  {
    "model": "ibs.accountsubd3",
    "pk": 119,
    "fields": {
      "sort": 2,
      "d2": 17,
      "code": "846",
      "name": "보관료",
      "is_hide": false,
      "is_special": false,
      "description": "보관료"
    }
  },
  {
    "model": "ibs.accountsubd3",
    "pk": 120,
    "fields": {
      "sort": 2,
      "d2": 17,
      "code": "847",
      "name": "광고선전비",
      "is_hide": false,
      "is_special": false,
      "description": "광고선전비"
    }
  },
  {
    "model": "ibs.accountsubd3",
    "pk": 121,
    "fields": {
      "sort": 2,
      "d2": 17,
      "code": "848",
      "name": "판매촉진비",
      "is_hide": false,
      "is_special": false,
      "description": "판매촉진비"
    }
  },
  {
    "model": "ibs.accountsubd3",
    "pk": 122,
    "fields": {
      "sort": 2,
      "d2": 18,
      "code": "851",
      "name": "이자비",
      "is_hide": false,
      "is_special": false,
      "description": "이자비"
    }
  },
  {
    "model": "ibs.accountsubd3",
    "pk": 123,
    "fields": {
      "sort": 2,
      "d2": 18,
      "code": "852",
      "name": "외환차손",
      "is_hide": false,
      "is_special": false,
      "description": "외환차손"
    }
  },
  {
    "model": "ibs.accountsubd3",
    "pk": 124,
    "fields": {
      "sort": 2,
      "d2": 18,
      "code": "853",
      "name": "유가증권처분손실",
      "is_hide": false,
      "is_special": false,
      "description": "유가증권처분손실"
    }
  },
  {
    "model": "ibs.accountsubd3",
    "pk": 125,
    "fields": {
      "sort": 2,
      "d2": 18,
      "code": "854",
      "name": "재고자산평가손실",
      "is_hide": false,
      "is_special": false,
      "description": "재고자산평가손실"
    }
  },
  {
    "model": "ibs.accountsubd3",
    "pk": 126,
    "fields": {
      "sort": 2,
      "d2": 18,
      "code": "855",
      "name": "유형자산처분손실",
      "is_hide": false,
      "is_special": false,
      "description": "유형자산처분손실"
    }
  },
  {
    "model": "ibs.accountsubd3",
    "pk": 127,
    "fields": {
      "sort": 2,
      "d2": 18,
      "code": "856",
      "name": "투자자산처분손실",
      "is_hide": false,
      "is_special": false,
      "description": "투자자산처분손실"
    }
  },
  {
    "model": "ibs.accountsubd3",
    "pk": 128,
    "fields": {
      "sort": 2,
      "d2": 18,
      "code": "857",
      "name": "잡손실",
      "is_hide": false,
      "is_special": false,
      "description": "잡손실"
    }
  },
  {
    "model": "ibs.accountsubd3",
    "pk": 129,
    "fields": {
      "sort": 2,
      "d2": 18,
      "code": "858",
      "name": "법인세등",
      "is_hide": false,
      "is_special": false,
      "description": "법인세등"
    }
  },
  {
    "model": "ibs.accountsubd3",
    "pk": 130,
    "fields": {
      "sort": 2,
      "d2": 18,
      "code": "859",
      "name": "소득세등",
      "is_hide": false,
      "is_special": false,
      "description": "소득세등"
    }
  },
  {
    "model": "ibs.accountsubd3",
    "pk": 131,
    "fields": {
      "sort": 2,
      "d2": 19,
      "code": "911",
      "name": "대체(출금)",
      "is_hide": false,
      "is_special": false,
      "description": "대체 출금"
    }
  },
  {
    "model": "ibs.accountsubd3",
    "pk": 132,
    "fields": {
      "sort": 1,
      "d2": 19,
      "code": "912",
      "name": "대체(입금)",
      "is_hide": false,
      "is_special": false,
      "description": "대체 입금"
    }
  },
  {
    "model": "ibs.accountsubd3",
    "pk": 133,
    "fields": {
      "sort": 2,
      "d2": 20,
      "code": "311",
      "name": "거래취소(출금)",
      "is_hide": false,
      "is_special": false,
      "description": "취소된 출금거래"
    }
  },
  {
    "model": "ibs.accountsubd3",
    "pk": 134,
    "fields": {
      "sort": 1,
      "d2": 20,
      "code": "312",
      "name": "거래취소(입금)",
      "is_hide": false,
      "is_special": false,
      "description": "취소된 입금거래"
    }
  },
  {
    "model": "ibs.accountsubd3",
    "pk": 135,
    "fields": {
      "sort": 1,
      "d2": 1,
      "code": "111",
      "name": "현금(입금)",
      "is_hide": false,
      "is_special": false,
      "description": "통화, 자기앞수표, 인방행 당좌수표, 가계수표"
    }
  },
  {
    "model": "ibs.accountsubd3",
    "pk": 136,
    "fields": {
      "sort": 1,
      "d2": 1,
      "code": "112",
      "name": "당좌예금(입금)",
      "is_hide": false,
      "is_special": false,
      "description": "당좌거래와 관련한 예금"
    }
  },
  {
    "model": "ibs.accountsubd3",
    "pk": 137,
    "fields": {
      "sort": 1,
      "d2": 1,
      "code": "113",
      "name": "보통예금(입금)",
      "is_hide": false,
      "is_special": false,
      "description": "보통예금 입/출금"
    }
  },
  {
    "model": "ibs.accountsubd3",
    "pk": 138,
    "fields": {
      "sort": 1,
      "d2": 1,
      "code": "114",
      "name": "[처분] - 유가증권",
      "is_hide": false,
      "is_special": false,
      "description": "국채, 공채, 지방채 등의 매입 및 처분"
    }
  },
  {
    "model": "ibs.accountsubd3",
    "pk": 139,
    "fields": {
      "sort": 2,
      "d2": 1,
      "code": "120",
      "name": "매출채권(출금)",
      "is_hide": true,
      "is_special": false,
      "description": "상품, 제품 또는 용역을 제공한 대금을 외상으로 한 경우"
    }
  },
  {
    "model": "ibs.accountsubd3",
    "pk": 140,
    "fields": {
      "sort": 1,
      "d2": 1,
      "code": "122",
      "name": "[회수] - 관계회사 대여금",
      "is_hide": false,
      "is_special": false,
      "description": "관계회사 대여금(조합 사업비 대여 또는 대지급금)"
    }
  },
  {
    "model": "ibs.accountsubd3",
    "pk": 141,
    "fields": {
      "sort": 1,
      "d2": 1,
      "code": "121",
      "name": "[회수] - 단기대여금",
      "is_hide": false,
      "is_special": false,
      "description": "타인에게 대여한 대여금(대여기간 1년이내)"
    }
  },
  {
    "model": "ibs.accountsubd3",
    "pk": 142,
    "fields": {
      "sort": 2,
      "d2": 1,
      "code": "123",
      "name": " 미수금(출금)",
      "is_hide": true,
      "is_special": false,
      "description": "고정자산을 매각하고 대금을 외상으로 한 경우"
    }
  },
  {
    "model": "ibs.accountsubd3",
    "pk": 143,
    "fields": {
      "sort": 1,
      "d2": 1,
      "code": "124",
      "name": "[반환] - 선급금",
      "is_hide": false,
      "is_special": false,
      "description": "물품을 인도받기 전 대금을 미리 지급한 경우"
    }
  },
  {
    "model": "ibs.accountsubd3",
    "pk": 144,
    "fields": {
      "sort": 1,
      "d2": 1,
      "code": "125",
      "name": "[반환] -선급비용",
      "is_hide": false,
      "is_special": false,
      "description": "각종 비용을 미리 지급한 것 (미경과 비용)"
    }
  },
  {
    "model": "ibs.accountsubd3",
    "pk": 145,
    "fields": {
      "sort": 1,
      "d2": 1,
      "code": "126",
      "name": "[회수] - 가지급금",
      "is_hide": false,
      "is_special": false,
      "description": "대표이사에게 일시적으로 돈을 빌려준 것"
    }
  },
  {
    "model": "ibs.accountsubd3",
    "pk": 146,
    "fields": {
      "sort": 1,
      "d2": 1,
      "code": "127",
      "name": "[환불] - 선납세금",
      "is_hide": false,
      "is_special": false,
      "description": "예금이자에 대한 이자 소득세 등"
    }
  },
  {
    "model": "ibs.accountsubd3",
    "pk": 147,
    "fields": {
      "sort": 1,
      "d2": 1,
      "code": "128",
      "name": "[반환] - 종업원대여금",
      "is_hide": false,
      "is_special": false,
      "description": "업무와 관련없이 종업원에게 대여하여 준것"
    }
  },
  {
    "model": "ibs.accountsubd3",
    "pk": 148,
    "fields": {
      "sort": 1,
      "d2": 1,
      "code": "129",
      "name": "[회수] - 전도금",
      "is_hide": false,
      "is_special": false,
      "description": "회사의 업무와 관련하여 경비 확정전 일시 지급한 금액"
    }
  },
  {
    "model": "ibs.accountsubd3",
    "pk": 149,
    "fields": {
      "sort": 2,
      "d2": 2,
      "code": "131",
      "name": "상품(출금)",
      "is_hide": true,
      "is_special": false,
      "description": "상품(도/소매업)"
    }
  },
  {
    "model": "ibs.accountsubd3",
    "pk": 150,
    "fields": {
      "sort": 2,
      "d2": 2,
      "code": "132",
      "name": "제품(출금)",
      "is_hide": true,
      "is_special": false,
      "description": "제조업의 완성제품"
    }
  },
  {
    "model": "ibs.accountsubd3",
    "pk": 151,
    "fields": {
      "sort": 2,
      "d2": 2,
      "code": "133",
      "name": "완성건물(출금)",
      "is_hide": true,
      "is_special": false,
      "description": "건설업의 완성건물"
    }
  },
  {
    "model": "ibs.accountsubd3",
    "pk": 152,
    "fields": {
      "sort": 2,
      "d2": 2,
      "code": "134",
      "name": "원재료(출금)",
      "is_hide": true,
      "is_special": false,
      "description": "제조업의 원재료"
    }
  },
  {
    "model": "ibs.accountsubd3",
    "pk": 153,
    "fields": {
      "sort": 1,
      "d2": 2,
      "code": "135",
      "name": "건설용지(매각)",
      "is_hide": false,
      "is_special": false,
      "description": "건설업의 건설용지"
    }
  },
  {
    "model": "ibs.accountsubd3",
    "pk": 154,
    "fields": {
      "sort": 1,
      "d2": 2,
      "code": "136",
      "name": "가설재(매각)",
      "is_hide": false,
      "is_special": false,
      "description": "가설재(건설업)"
    }
  },
  {
    "model": "ibs.accountsubd3",
    "pk": 155,
    "fields": {
      "sort": 2,
      "d2": 2,
      "code": "137",
      "name": "재공품",
      "is_hide": true,
      "is_special": false,
      "description": "일정시점에 생산과정에 있는 미완성된 제품의 평가액"
    }
  },
  {
    "model": "ibs.accountsubd3",
    "pk": 156,
    "fields": {
      "sort": 1,
      "d2": 3,
      "code": "151",
      "name": "장기금융상품(입금)",
      "is_hide": false,
      "is_special": false,
      "description": "예치기간이 1년을 초과하는 장기성 예금 또는 사용이 제한되어있는 예금"
    }
  },
  {
    "model": "ibs.accountsubd3",
    "pk": 157,
    "fields": {
      "sort": 1,
      "d2": 3,
      "code": "152",
      "name": "[처분] - 장기투자증권",
      "is_hide": false,
      "is_special": false,
      "description": "투자를 목적으로 취득한 주식 등"
    }
  },
  {
    "model": "ibs.accountsubd3",
    "pk": 158,
    "fields": {
      "sort": 1,
      "d2": 3,
      "code": "153",
      "name": "[회수] - 장기대여금",
      "is_hide": false,
      "is_special": false,
      "description": "대여기간이 1년을 초과하여 기업의 자금을 대여한 것"
    }
  },
  {
    "model": "ibs.accountsubd3",
    "pk": 159,
    "fields": {
      "sort": 1,
      "d2": 3,
      "code": "154",
      "name": "[매각] - 투자부동산",
      "is_hide": false,
      "is_special": false,
      "description": "투자목적으로 취득한 부동산"
    }
  },
  {
    "model": "ibs.accountsubd3",
    "pk": 160,
    "fields": {
      "sort": 2,
      "d2": 3,
      "code": "155",
      "name": "지분법적용투자주식(출금)",
      "is_hide": true,
      "is_special": false,
      "description": "지분법적용 투자주식"
    }
  },
  {
    "model": "ibs.accountsubd3",
    "pk": 161,
    "fields": {
      "sort": 1,
      "d2": 4,
      "code": "161",
      "name": "[매각] - 토지",
      "is_hide": false,
      "is_special": false,
      "description": "토지"
    }
  },
  {
    "model": "ibs.accountsubd3",
    "pk": 162,
    "fields": {
      "sort": 1,
      "d2": 4,
      "code": "162",
      "name": "[매각] - 건물",
      "is_hide": false,
      "is_special": false,
      "description": "사무실, 공장, 창고 등 회사소유 건물"
    }
  },
  {
    "model": "ibs.accountsubd3",
    "pk": 163,
    "fields": {
      "sort": 2,
      "d2": 4,
      "code": "163",
      "name": "구축물(출금)",
      "is_hide": false,
      "is_special": false,
      "description": "용수설비 등"
    }
  },
  {
    "model": "ibs.accountsubd3",
    "pk": 164,
    "fields": {
      "sort": 1,
      "d2": 4,
      "code": "165",
      "name": "[매각] - 기계장치",
      "is_hide": false,
      "is_special": false,
      "description": "각종 기계장치"
    }
  },
  {
    "model": "ibs.accountsubd3",
    "pk": 165,
    "fields": {
      "sort": 1,
      "d2": 4,
      "code": "166",
      "name": "[매각] - 차량운반구",
      "is_hide": false,
      "is_special": false,
      "description": "화물자동차, 승용자동차, 지게차, 중기 등"
    }
  },
  {
    "model": "ibs.accountsubd3",
    "pk": 166,
    "fields": {
      "sort": 1,
      "d2": 4,
      "code": "167",
      "name": "[매각] - 공구와기구",
      "is_hide": true,
      "is_special": false,
      "description": "공구, 기구로서 100만원을 초과하는 것(이하:소모품)"
    }
  },
  {
    "model": "ibs.accountsubd3",
    "pk": 167,
    "fields": {
      "sort": 2,
      "d2": 4,
      "code": "168",
      "name": "건설중인자산(출금)",
      "is_hide": true,
      "is_special": false,
      "description": "건설중인 자산의 가액"
    }
  },
  {
    "model": "ibs.accountsubd3",
    "pk": 168,
    "fields": {
      "sort": 1,
      "d2": 4,
      "code": "169",
      "name": "[매각] - 비품",
      "is_hide": false,
      "is_special": false,
      "description": "책상, 의자, 에어컨, 캐비넷, 컴퓨터, 팩시밀리, 복사기 등"
    }
  },
  {
    "model": "ibs.accountsubd3",
    "pk": 169,
    "fields": {
      "sort": 1,
      "d2": 5,
      "code": "171",
      "name": "[매각] - 영업권",
      "is_hide": false,
      "is_special": false,
      "description": "영업상의 권리"
    }
  },
  {
    "model": "ibs.accountsubd3",
    "pk": 170,
    "fields": {
      "sort": 1,
      "d2": 5,
      "code": "172",
      "name": "[매각] - 특허권",
      "is_hide": false,
      "is_special": false,
      "description": "특허와 관련한 권리를 금전적 가치로 계상한 것"
    }
  },
  {
    "model": "ibs.accountsubd3",
    "pk": 171,
    "fields": {
      "sort": 1,
      "d2": 5,
      "code": "173",
      "name": "[매각] - 상표권",
      "is_hide": false,
      "is_special": false,
      "description": "영업상의 권리"
    }
  },
  {
    "model": "ibs.accountsubd3",
    "pk": 172,
    "fields": {
      "sort": 1,
      "d2": 5,
      "code": "174",
      "name": "개발비(입금)",
      "is_hide": true,
      "is_special": false,
      "description": "개발과 관련하여 지출한 고액비용"
    }
  },
  {
    "model": "ibs.accountsubd3",
    "pk": 173,
    "fields": {
      "sort": 1,
      "d2": 5,
      "code": "175",
      "name": "소프트웨어(입금)",
      "is_hide": true,
      "is_special": false,
      "description": "고가의 소프트웨어 구입비, 개발비"
    }
  },
  {
    "model": "ibs.accountsubd3",
    "pk": 174,
    "fields": {
      "sort": 1,
      "d2": 6,
      "code": "181",
      "name": "[회수] - 임차보증금",
      "is_hide": false,
      "is_special": false,
      "description": "사무실, 공장 등의 임차보증금"
    }
  },
  {
    "model": "ibs.accountsubd3",
    "pk": 175,
    "fields": {
      "sort": 1,
      "d2": 6,
      "code": "182",
      "name": "[회수] - 기타보증금",
      "is_hide": false,
      "is_special": false,
      "description": "영업보증금, 보증금 등"
    }
  },
  {
    "model": "ibs.accountsubd3",
    "pk": 176,
    "fields": {
      "sort": 2,
      "d2": 6,
      "code": "183",
      "name": "장기매출채권(출금)",
      "is_hide": true,
      "is_special": false,
      "description": "장기매출채권"
    }
  },
  {
    "model": "ibs.accountsubd3",
    "pk": 177,
    "fields": {
      "sort": 2,
      "d2": 6,
      "code": "184",
      "name": "장기미수금(출금)",
      "is_hide": true,
      "is_special": false,
      "description": "장기미수금"
    }
  },
  {
    "model": "ibs.accountsubd3",
    "pk": 178,
    "fields": {
      "sort": 2,
      "d2": 6,
      "code": "185",
      "name": "이연법인세자산(출금)",
      "is_hide": true,
      "is_special": false,
      "description": "이연법인세자산"
    }
  },
  {
    "model": "ibs.accountsubd3",
    "pk": 179,
    "fields": {
      "sort": 2,
      "d2": 7,
      "code": "211",
      "name": "매입채무(출금)",
      "is_hide": true,
      "is_special": false,
      "description": "물품 등을 구입하고 그 대금을 나중에 지급하기로 한 것"
    }
  },
  {
    "model": "ibs.accountsubd3",
    "pk": 180,
    "fields": {
      "sort": 2,
      "d2": 7,
      "code": "226",
      "name": "[상환] - 관계회사 차입금",
      "is_hide": false,
      "is_special": false,
      "description": "관계회사 차입금"
    }
  },
  {
    "model": "ibs.accountsubd3",
    "pk": 181,
    "fields": {
      "sort": 2,
      "d2": 7,
      "code": "212",
      "name": "[상환] - 단기차입금",
      "is_hide": false,
      "is_special": false,
      "description": "1년 이내에 상환하여야 하는 차입금"
    }
  },
  {
    "model": "ibs.accountsubd3",
    "pk": 182,
    "fields": {
      "sort": 2,
      "d2": 7,
      "code": "213",
      "name": "미지급금(출금)",
      "is_hide": true,
      "is_special": false,
      "description": "고정자산 등을 구입하고 그 대금을 나중에 지급하기로 한 것"
    }
  },
  {
    "model": "ibs.accountsubd3",
    "pk": 183,
    "fields": {
      "sort": 2,
      "d2": 7,
      "code": "214",
      "name": "예수금(출금)",
      "is_hide": true,
      "is_special": false,
      "description": "갑근세, 국민연금, 건강보험 등을 근로자로부터 미리 받아둔 것"
    }
  },
  {
    "model": "ibs.accountsubd3",
    "pk": 184,
    "fields": {
      "sort": 2,
      "d2": 7,
      "code": "215",
      "name": "[환불] - 부가세예수금",
      "is_hide": true,
      "is_special": false,
      "description": "매출 시 매입자로부터 받아 둔 부가가치세"
    }
  },
  {
    "model": "ibs.accountsubd3",
    "pk": 185,
    "fields": {
      "sort": 2,
      "d2": 7,
      "code": "221",
      "name": "[반환] - 가수금",
      "is_hide": false,
      "is_special": false,
      "description": "대표이사로부터 일시 차입한 돈"
    }
  },
  {
    "model": "ibs.accountsubd3",
    "pk": 186,
    "fields": {
      "sort": 2,
      "d2": 7,
      "code": "222",
      "name": "[반환] - 선수금",
      "is_hide": false,
      "is_special": false,
      "description": "제품을 인도하기 전 그 대금을 미리 받은 것"
    }
  },
  {
    "model": "ibs.accountsubd3",
    "pk": 187,
    "fields": {
      "sort": 2,
      "d2": 7,
      "code": "223",
      "name": "미지급비용(출금)",
      "is_hide": true,
      "is_special": false,
      "description": "비용과 관련하여 그 대금을 나중에 지급하기로 한 것"
    }
  },
  {
    "model": "ibs.accountsubd3",
    "pk": 188,
    "fields": {
      "sort": 2,
      "d2": 7,
      "code": "224",
      "name": "미지급세금(출금)",
      "is_hide": true,
      "is_special": false,
      "description": "법인세 등의 미지급액"
    }
  },
  {
    "model": "ibs.accountsubd3",
    "pk": 189,
    "fields": {
      "sort": 2,
      "d2": 7,
      "code": "225",
      "name": "이연법인세부채(출금)",
      "is_hide": true,
      "is_special": false,
      "description": "이연법인세부채"
    }
  },
  {
    "model": "ibs.accountsubd3",
    "pk": 190,
    "fields": {
      "sort": 2,
      "d2": 8,
      "code": "231",
      "name": "[상환] - 사채",
      "is_hide": false,
      "is_special": false,
      "description": "1년 이후에 상환예정인 회사채(개인사채가 아님)"
    }
  },
  {
    "model": "ibs.accountsubd3",
    "pk": 191,
    "fields": {
      "sort": 2,
      "d2": 8,
      "code": "232",
      "name": "[상환] - 장기차입금",
      "is_hide": false,
      "is_special": false,
      "description": "상환기간이 1년을 초과하는 차입금"
    }
  },
  {
    "model": "ibs.accountsubd3",
    "pk": 192,
    "fields": {
      "sort": 2,
      "d2": 8,
      "code": "233",
      "name": "신주인수권부사채(출금)",
      "is_hide": true,
      "is_special": true,
      "description": "신주인수권부사채"
    }
  },
  {
    "model": "ibs.accountsubd3",
    "pk": 193,
    "fields": {
      "sort": 2,
      "d2": 8,
      "code": "234",
      "name": "전환사채(출금)",
      "is_hide": true,
      "is_special": false,
      "description": "전환사채"
    }
  },
  {
    "model": "ibs.accountsubd3",
    "pk": 194,
    "fields": {
      "sort": 2,
      "d2": 8,
      "code": "235",
      "name": "퇴직급여충당부채(출금)",
      "is_hide": true,
      "is_special": false,
      "description": "퇴직급여충당부채"
    }
  },
  {
    "model": "ibs.accountsubd3",
    "pk": 195,
    "fields": {
      "sort": 2,
      "d2": 9,
      "code": "511",
      "name": "[자사주매입] - 보통주자본금",
      "is_hide": true,
      "is_special": false,
      "description": "법인의 경우 납입자본금(보통주)"
    }
  },
  {
    "model": "ibs.accountsubd3",
    "pk": 196,
    "fields": {
      "sort": 2,
      "d2": 9,
      "code": "512",
      "name": "[자사주매입] - 우선주자본금",
      "is_hide": true,
      "is_special": false,
      "description": "법인의 경우 납입자본금(우선주)"
    }
  },
  {
    "model": "ibs.accountsubd3",
    "pk": 197,
    "fields": {
      "sort": 2,
      "d2": 10,
      "code": "521",
      "name": "자본잉여금(출금)",
      "is_hide": true,
      "is_special": false,
      "description": "주식발행초과금, 감자이익"
    }
  },
  {
    "model": "ibs.accountsubd3",
    "pk": 198,
    "fields": {
      "sort": 2,
      "d2": 11,
      "code": "531",
      "name": "이익준비금(출금)",
      "is_hide": true,
      "is_special": false,
      "description": "이익잉여금의 처분으로 사내에 유보된 금액"
    }
  },
  {
    "model": "ibs.accountsubd3",
    "pk": 199,
    "fields": {
      "sort": 2,
      "d2": 11,
      "code": "532",
      "name": "기업합리화적립금(출금)",
      "is_hide": true,
      "is_special": false,
      "description": "기업합리화 적립금"
    }
  },
  {
    "model": "ibs.accountsubd3",
    "pk": 200,
    "fields": {
      "sort": 2,
      "d2": 11,
      "code": "533",
      "name": "임의적립금(출금)",
      "is_hide": true,
      "is_special": false,
      "description": "이익잉여금의 처분으로 임의로 사내에 유보한 금액"
    }
  },
  {
    "model": "ibs.accountsubd3",
    "pk": 201,
    "fields": {
      "sort": 2,
      "d2": 11,
      "code": "534",
      "name": "이월이익잉여금(출금)",
      "is_hide": true,
      "is_special": false,
      "description": "다음 사업연도로 이월하는 이익 잉여금"
    }
  },
  {
    "model": "ibs.accountsubd3",
    "pk": 202,
    "fields": {
      "sort": 2,
      "d2": 11,
      "code": "535",
      "name": "미처분이익잉여금(출금)",
      "is_hide": true,
      "is_special": false,
      "description": "미처분이익잉여금"
    }
  },
  {
    "model": "ibs.accountsubd3",
    "pk": 203,
    "fields": {
      "sort": 2,
      "d2": 11,
      "code": "536",
      "name": "미처리결손금(출금)",
      "is_hide": true,
      "is_special": false,
      "description": "미처리결손금"
    }
  },
  {
    "model": "ibs.accountsubd3",
    "pk": 204,
    "fields": {
      "sort": 2,
      "d2": 12,
      "code": "541",
      "name": "주식할인발행차금(출금)",
      "is_hide": true,
      "is_special": false,
      "description": "주식할인발행차금"
    }
  },
  {
    "model": "ibs.accountsubd3",
    "pk": 205,
    "fields": {
      "sort": 2,
      "d2": 12,
      "code": "542",
      "name": "자기주식(출금)",
      "is_hide": true,
      "is_special": false,
      "description": "자기주식"
    }
  },
  {
    "model": "ibs.accountsubd3",
    "pk": 206,
    "fields": {
      "sort": 2,
      "d2": 12,
      "code": "543",
      "name": "주식매수선택권(출금)",
      "is_hide": true,
      "is_special": false,
      "description": "주식매수선택권"
    }
  },
  {
    "model": "ibs.accountsubd3",
    "pk": 207,
    "fields": {
      "sort": 2,
      "d2": 12,
      "code": "544",
      "name": "출자전환채무(출금)",
      "is_hide": true,
      "is_special": false,
      "description": "출자전환채무"
    }
  },
  {
    "model": "ibs.accountsubd3",
    "pk": 208,
    "fields": {
      "sort": 2,
      "d2": 12,
      "code": "545",
      "name": "감자차손(출금)",
      "is_hide": true,
      "is_special": false,
      "description": "감자차손"
    }
  },
  {
    "model": "ibs.accountsubd3",
    "pk": 209,
    "fields": {
      "sort": 2,
      "d2": 12,
      "code": "546",
      "name": "자기주식처분손실(출금)",
      "is_hide": true,
      "is_special": false,
      "description": "자기주식처분손실"
    }
  },
  {
    "model": "ibs.accountsubd3",
    "pk": 210,
    "fields": {
      "sort": 2,
      "d2": 13,
      "code": "551",
      "name": "매도가능증권평가이익(출금)",
      "is_hide": true,
      "is_special": false,
      "description": "매도가능증권평가이익"
    }
  },
  {
    "model": "ibs.accountsubd3",
    "pk": 211,
    "fields": {
      "sort": 2,
      "d2": 13,
      "code": "552",
      "name": "해외사업환산손익(출금)",
      "is_hide": true,
      "is_special": false,
      "description": "해외사업환산손익"
    }
  },
  {
    "model": "ibs.projectaccountd2",
    "pk": 1,
    "fields": {
      "d1": 3,
      "code": "120",
      "name": "분(부)담금",
      "description": "출자금 (조합 등 형태인 경우)"
    }
  },
  {
    "model": "ibs.projectaccountd2",
    "pk": 2,
    "fields": {
      "d1": 4,
      "code": "810",
      "name": "분양매출금",
      "description": "매출금 - 일반분양 등"
    }
  },
  {
    "model": "ibs.projectaccountd2",
    "pk": 3,
    "fields": {
      "d1": 4,
      "code": "820",
      "name": "영업외 수익",
      "description": "영업외 수익, 이자, 위약금 등 기타 수입"
    }
  },
  {
    "model": "ibs.projectaccountd2",
    "pk": 4,
    "fields": {
      "d1": 2,
      "code": "210",
      "name": "차입금",
      "description": "브리지, PF대출, 중도금 등 기타"
    }
  },
  {
    "model": "ibs.projectaccountd2",
    "pk": 5,
    "fields": {
      "d1": 2,
      "code": "220",
      "name": "기타부채",
      "description": "선수금, 보증금, 예치금 등 입금"
    }
  },
  {
    "model": "ibs.projectaccountd2",
    "pk": 6,
    "fields": {
      "d1": 1,
      "code": "310",
      "name": "대여금",
      "description": "대여금, 가지급금 등"
    }
  },
  {
    "model": "ibs.projectaccountd2",
    "pk": 7,
    "fields": {
      "d1": 1,
      "code": "320",
      "name": "기타자산",
      "description": "공탁금, 보증금, 예치금 등 출금"
    }
  },
  {
    "model": "ibs.projectaccountd2",
    "pk": 8,
    "fields": {
      "d1": 5,
      "code": "610",
      "name": "토지비",
      "description": "토지비 및 매입 관련 부대비용"
    }
  },
  {
    "model": "ibs.projectaccountd2",
    "pk": 9,
    "fields": {
      "d1": 5,
      "code": "620",
      "name": "공사비",
      "description": "건축 공사비"
    }
  },
  {
    "model": "ibs.projectaccountd2",
    "pk": 10,
    "fields": {
      "d1": 5,
      "code": "630",
      "name": "외주 용역비",
      "description": "건축 관련 외주 용역비"
    }
  },
  {
    "model": "ibs.projectaccountd2",
    "pk": 11,
    "fields": {
      "d1": 5,
      "code": "640",
      "name": "분양 관련비",
      "description": "분양 광고 홍보비 등"
    }
  },
  {
    "model": "ibs.projectaccountd2",
    "pk": 12,
    "fields": {
      "d1": 5,
      "code": "650",
      "name": "M/H 관련비",
      "description": "M/H 건립운영비 등"
    }
  },
  {
    "model": "ibs.projectaccountd2",
    "pk": 13,
    "fields": {
      "d1": 5,
      "code": "660",
      "name": "제세 공과금 등",
      "description": "제세공과금 및 부담금"
    }
  },
  {
    "model": "ibs.projectaccountd2",
    "pk": 14,
    "fields": {
      "d1": 5,
      "code": "670",
      "name": "제반비용",
      "description": "운영비 등 기타 부대비용"
    }
  },
  {
    "model": "ibs.projectaccountd2",
    "pk": 15,
    "fields": {
      "d1": 5,
      "code": "680",
      "name": "금융비용",
      "description": "대출 수수료, 이자 등"
    }
  },
  {
    "model": "ibs.projectaccountd2",
    "pk": 16,
    "fields": {
      "d1": 5,
      "code": "690",
      "name": "영업외 비용",
      "description": "영업외 비용, 원천세, 위약금 등 기타 손실"
    }
  },
  {
    "model": "ibs.projectaccountd2",
    "pk": 17,
    "fields": {
      "d1": 6,
      "code": "510",
      "name": "대체",
      "description": "계좌간 이체로 인한 입출금"
    }
  },
  {
    "model": "ibs.projectaccountd2",
    "pk": 18,
    "fields": {
      "d1": 7,
      "code": "410",
      "name": "취소",
      "description": "취소거래 취소로 인한 출금 및 입금거래"
    }
  },
  {
    "model": "ibs.projectaccountd3",
    "pk": 1,
    "fields": {
      "sort": 1,
      "d2": 1,
      "code": "111",
      "is_payment": true,
      "is_related_contract": true,
      "name": "분(부)담금",
      "description": "출자금 (조합 등 형태인 경우)"
    }
  },
  {
    "model": "ibs.projectaccountd3",
    "pk": 2,
    "fields": {
      "sort": 1,
      "d2": 1,
      "code": "112",
      "is_payment": false,
      "is_related_contract": true,
      "name": "분(부)담금(해지자 납부건)",
      "description": "해지 조합원 분담금 입금 건"
    }
  },
  {
    "model": "ibs.projectaccountd3",
    "pk": 3,
    "fields": {
      "sort": 2,
      "d2": 1,
      "code": "113",
      "is_payment": false,
      "is_related_contract": true,
      "name": "[환불]→분(부)담금(해지)",
      "description": "계약 해지 등으로 인한 환불"
    }
  },
  {
    "model": "ibs.projectaccountd3",
    "pk": 4,
    "fields": {
      "sort": 2,
      "d2": 1,
      "code": "114",
      "is_payment": false,
      "is_related_contract": true,
      "name": "[환불]→분(부)담금(과오납)",
      "description": "단순 과오납에 의한 환불"
    }
  },
  {
    "model": "ibs.projectaccountd3",
    "pk": 5,
    "fields": {
      "sort": 1,
      "d2": 2,
      "code": "811",
      "is_payment": true,
      "is_related_contract": true,
      "name": "분양매출금",
      "description": "매출금 - 일반분양 등"
    }
  },
  {
    "model": "ibs.projectaccountd3",
    "pk": 6,
    "fields": {
      "sort": 1,
      "d2": 2,
      "code": "812",
      "is_payment": false,
      "is_related_contract": true,
      "name": "분양매출금(해지자 납부건)",
      "description": "해지 계약자 분양매출금 입금 건"
    }
  },
  {
    "model": "ibs.projectaccountd3",
    "pk": 7,
    "fields": {
      "sort": 2,
      "d2": 2,
      "code": "813",
      "is_payment": false,
      "is_related_contract": true,
      "name": "[환불]→분양매출금(해지)",
      "description": "계약 해지 등으로 인한 환불"
    }
  },
  {
    "model": "ibs.projectaccountd3",
    "pk": 8,
    "fields": {
      "sort": 2,
      "d2": 2,
      "code": "814",
      "is_payment": false,
      "is_related_contract": true,
      "name": "[환불]→분양매출금(과오납)",
      "description": "단순 과오납에 의한 환불"
    }
  },
  {
    "model": "ibs.projectaccountd3",
    "pk": 9,
    "fields": {
      "sort": 1,
      "d2": 3,
      "code": "821",
      "is_payment": false,
      "is_related_contract": true,
      "name": "영업외 수익(출자금 - 위약금수입)",
      "description": "출자금에 대한 위약금 수익"
    }
  },
  {
    "model": "ibs.projectaccountd3",
    "pk": 10,
    "fields": {
      "sort": 1,
      "d2": 3,
      "code": "822",
      "is_payment": false,
      "is_related_contract": true,
      "name": "영업외 수익(출자금 - 가산금수입)",
      "description": "출자금에 대한 가산금 수익"
    }
  },
  {
    "model": "ibs.projectaccountd3",
    "pk": 11,
    "fields": {
      "sort": 1,
      "d2": 3,
      "code": "823",
      "is_payment": false,
      "is_related_contract": true,
      "name": "영업외 수익(매출금 - 위약금수입)",
      "description": "매출금에 대한 위약금 수익"
    }
  },
  {
    "model": "ibs.projectaccountd3",
    "pk": 12,
    "fields": {
      "sort": 1,
      "d2": 3,
      "code": "824",
      "is_payment": false,
      "is_related_contract": true,
      "name": "영업외 수익(매출금 - 가산금수입)",
      "description": "매출금에 대한 가산금 수익"
    }
  },
  {
    "model": "ibs.projectaccountd3",
    "pk": 13,
    "fields": {
      "sort": 1,
      "d2": 3,
      "code": "825",
      "is_payment": false,
      "is_related_contract": false,
      "name": "영업외 수익(이자수입)",
      "description": "영업외 수익(이자수입)"
    }
  },
  {
    "model": "ibs.projectaccountd3",
    "pk": 14,
    "fields": {
      "sort": 1,
      "d2": 3,
      "code": "826",
      "is_payment": false,
      "is_related_contract": false,
      "name": "영업외 수익(기타잡수입)",
      "description": "영업외 수익(기타잡수입, 전기 국세 환급 등)"
    }
  },
  {
    "model": "ibs.projectaccountd3",
    "pk": 15,
    "fields": {
      "sort": 1,
      "d2": 3,
      "code": "694",
      "is_payment": false,
      "is_related_contract": false,
      "name": "당기 비용 환급 (차감)",
      "description": "당기 국세 환급 등 비용 차감액"
    }
  },
  {
    "model": "ibs.projectaccountd3",
    "pk": 16,
    "fields": {
      "sort": 1,
      "d2": 4,
      "code": "211",
      "is_payment": false,
      "is_related_contract": false,
      "name": "차입금(브리지)",
      "description": "브리지 대출"
    }
  },
  {
    "model": "ibs.projectaccountd3",
    "pk": 17,
    "fields": {
      "sort": 1,
      "d2": 4,
      "code": "212",
      "is_payment": false,
      "is_related_contract": false,
      "name": "차입금(PF대출)",
      "description": "PF 대출"
    }
  },
  {
    "model": "ibs.projectaccountd3",
    "pk": 18,
    "fields": {
      "sort": 1,
      "d2": 4,
      "code": "213",
      "is_payment": false,
      "is_related_contract": false,
      "name": "차입금(기타)",
      "description": "기타 차입금"
    }
  },
  {
    "model": "ibs.projectaccountd3",
    "pk": 19,
    "fields": {
      "sort": 2,
      "d2": 4,
      "code": "214",
      "is_payment": false,
      "is_related_contract": false,
      "name": "[상환]→차입금(브리지)",
      "description": "브리지 대출 상환"
    }
  },
  {
    "model": "ibs.projectaccountd3",
    "pk": 20,
    "fields": {
      "sort": 2,
      "d2": 4,
      "code": "215",
      "is_payment": false,
      "is_related_contract": false,
      "name": "[상환]→차입금(PF대출)",
      "description": "PF 대출 상환"
    }
  },
  {
    "model": "ibs.projectaccountd3",
    "pk": 21,
    "fields": {
      "sort": 2,
      "d2": 4,
      "code": "216",
      "is_payment": false,
      "is_related_contract": false,
      "name": "[상환]→차입금(기타)",
      "description": "기타 차입금 상환"
    }
  },
  {
    "model": "ibs.projectaccountd3",
    "pk": 22,
    "fields": {
      "sort": 1,
      "d2": 5,
      "code": "221",
      "is_payment": false,
      "is_related_contract": false,
      "name": "기타부채(보증금 등)",
      "description": "기타부채(보증금 등)"
    }
  },
  {
    "model": "ibs.projectaccountd3",
    "pk": 23,
    "fields": {
      "sort": 2,
      "d2": 5,
      "code": "222",
      "is_payment": false,
      "is_related_contract": false,
      "name": "[반환]→기타부채(보증금 등)",
      "description": "보증금, 예치금 등 반환"
    }
  },
  {
    "model": "ibs.projectaccountd3",
    "pk": 24,
    "fields": {
      "sort": 2,
      "d2": 6,
      "code": "311",
      "is_payment": false,
      "is_related_contract": false,
      "name": "대여금",
      "description": "대여금 등"
    }
  },
  {
    "model": "ibs.projectaccountd3",
    "pk": 25,
    "fields": {
      "sort": 1,
      "d2": 6,
      "code": "312",
      "is_payment": false,
      "is_related_contract": false,
      "name": "[회수]→대여금",
      "description": "대여금 회수"
    }
  },
  {
    "model": "ibs.projectaccountd3",
    "pk": 26,
    "fields": {
      "sort": 2,
      "d2": 7,
      "code": "326",
      "is_payment": false,
      "is_related_contract": false,
      "name": "기타자산(법원공탁금)",
      "description": "가압류, 강제집행 정지 신청 공탁금 등"
    }
  },
  {
    "model": "ibs.projectaccountd3",
    "pk": 27,
    "fields": {
      "sort": 2,
      "d2": 7,
      "code": "327",
      "is_payment": false,
      "is_related_contract": false,
      "name": "기타자산(보증금·예치금)",
      "description": "보증금, 예치금 등 회수 예정 자산"
    }
  },
  {
    "model": "ibs.projectaccountd3",
    "pk": 28,
    "fields": {
      "sort": 2,
      "d2": 7,
      "code": "328",
      "is_payment": false,
      "is_related_contract": true,
      "name": "기타자산(중도금이자대납)",
      "description": "중도금 후불제 이자대납 채권"
    }
  },
  {
    "model": "ibs.projectaccountd3",
    "pk": 29,
    "fields": {
      "sort": 1,
      "d2": 7,
      "code": "321",
      "is_payment": false,
      "is_related_contract": false,
      "name": "[회수]→기타자산(법원공탁금)",
      "description": "공탁금 회수"
    }
  },
  {
    "model": "ibs.projectaccountd3",
    "pk": 30,
    "fields": {
      "sort": 1,
      "d2": 7,
      "code": "322",
      "is_payment": false,
      "is_related_contract": false,
      "name": "[회수]→기타자산(보증금·예치금)",
      "description": "보증금 등 회수"
    }
  },
  {
    "model": "ibs.projectaccountd3",
    "pk": 31,
    "fields": {
      "sort": 1,
      "d2": 7,
      "code": "323",
      "is_payment": false,
      "is_related_contract": true,
      "name": "[회수]→기타자산(중도금이자대납)",
      "description": "중대금 후불제 대납이자 회수"
    }
  },
  {
    "model": "ibs.projectaccountd3",
    "pk": 32,
    "fields": {
      "sort": 2,
      "d2": 8,
      "code": "611",
      "is_payment": false,
      "is_related_contract": false,
      "name": "토지 매입비",
      "description": "토지 매입비용"
    }
  },
  {
    "model": "ibs.projectaccountd3",
    "pk": 33,
    "fields": {
      "sort": 2,
      "d2": 8,
      "code": "612",
      "is_payment": false,
      "is_related_contract": false,
      "name": "이전 등기비",
      "description": "취등록세 및 법무사 비용 등"
    }
  },
  {
    "model": "ibs.projectaccountd3",
    "pk": 34,
    "fields": {
      "sort": 2,
      "d2": 8,
      "code": "613",
      "is_payment": false,
      "is_related_contract": false,
      "name": "기타 토지비용",
      "description": "매입관련 용역비 등"
    }
  },
  {
    "model": "ibs.projectaccountd3",
    "pk": 35,
    "fields": {
      "sort": 2,
      "d2": 8,
      "code": "614",
      "is_payment": false,
      "is_related_contract": false,
      "name": "보유세",
      "description": "재산세, 도시계획세, 지방교육세 등"
    }
  },
  {
    "model": "ibs.projectaccountd3",
    "pk": 36,
    "fields": {
      "sort": 2,
      "d2": 9,
      "code": "621",
      "is_payment": false,
      "is_related_contract": false,
      "name": "도급 공사비",
      "description": "건축 도급 공사비"
    }
  },
  {
    "model": "ibs.projectaccountd3",
    "pk": 37,
    "fields": {
      "sort": 2,
      "d2": 9,
      "code": "622",
      "is_payment": false,
      "is_related_contract": false,
      "name": "소방 공사비",
      "description": "소방 시설 공사비"
    }
  },
  {
    "model": "ibs.projectaccountd3",
    "pk": 38,
    "fields": {
      "sort": 2,
      "d2": 9,
      "code": "623",
      "is_payment": false,
      "is_related_contract": false,
      "name": "외부 공사비",
      "description": "단지 외부 건축허가조건이행공사비"
    }
  },
  {
    "model": "ibs.projectaccountd3",
    "pk": 39,
    "fields": {
      "sort": 2,
      "d2": 9,
      "code": "624",
      "is_payment": false,
      "is_related_contract": false,
      "name": "이주 철거비",
      "description": "이주 관련비용 및 철거 공사비"
    }
  },
  {
    "model": "ibs.projectaccountd3",
    "pk": 40,
    "fields": {
      "sort": 2,
      "d2": 10,
      "code": "631",
      "is_payment": false,
      "is_related_contract": false,
      "name": "인입 공사비",
      "description": "각종 인입 공사비"
    }
  },
  {
    "model": "ibs.projectaccountd3",
    "pk": 41,
    "fields": {
      "sort": 2,
      "d2": 10,
      "code": "632",
      "is_payment": false,
      "is_related_contract": false,
      "name": "설계 용역비",
      "description": "설계 관련 용역비"
    }
  },
  {
    "model": "ibs.projectaccountd3",
    "pk": 42,
    "fields": {
      "sort": 2,
      "d2": 10,
      "code": "633",
      "is_payment": false,
      "is_related_contract": false,
      "name": "감리 용역비",
      "description": "감리 용역비 등"
    }
  },
  {
    "model": "ibs.projectaccountd3",
    "pk": 43,
    "fields": {
      "sort": 2,
      "d2": 10,
      "code": "634",
      "is_payment": false,
      "is_related_contract": false,
      "name": "기타 용역비",
      "description": "인허가 관련 기타 용역비"
    }
  },
  {
    "model": "ibs.projectaccountd3",
    "pk": 44,
    "fields": {
      "sort": 2,
      "d2": 11,
      "code": "641",
      "is_payment": false,
      "is_related_contract": false,
      "name": "광고 홍보비",
      "description": "언론피알, 광고 홍보비 등"
    }
  },
  {
    "model": "ibs.projectaccountd3",
    "pk": 45,
    "fields": {
      "sort": 2,
      "d2": 11,
      "code": "642",
      "is_payment": false,
      "is_related_contract": false,
      "name": "분양 수수료",
      "description": "분양대행 용역 수수료"
    }
  },
  {
    "model": "ibs.projectaccountd3",
    "pk": 46,
    "fields": {
      "sort": 2,
      "d2": 11,
      "code": "643",
      "is_payment": false,
      "is_related_contract": false,
      "name": "상가분양 수수료",
      "description": "단지내 상가 등 분양 수수료"
    }
  },
  {
    "model": "ibs.projectaccountd3",
    "pk": 47,
    "fields": {
      "sort": 2,
      "d2": 11,
      "code": "644",
      "is_payment": false,
      "is_related_contract": false,
      "name": "분양 예비비",
      "description": "해지분 추가모집, 교체 관련 비용"
    }
  },
  {
    "model": "ibs.projectaccountd3",
    "pk": 48,
    "fields": {
      "sort": 2,
      "d2": 11,
      "code": "645",
      "is_payment": false,
      "is_related_contract": false,
      "name": "분양보증 수수료",
      "description": "아파트, 상가 등 분양보증 수수료"
    }
  },
  {
    "model": "ibs.projectaccountd3",
    "pk": 49,
    "fields": {
      "sort": 2,
      "d2": 12,
      "code": "651",
      "is_payment": false,
      "is_related_contract": false,
      "name": "M/H 건립운영비",
      "description": "M/H 건립/해체 및 운영비 등"
    }
  },
  {
    "model": "ibs.projectaccountd3",
    "pk": 50,
    "fields": {
      "sort": 2,
      "d2": 12,
      "code": "652",
      "is_payment": false,
      "is_related_contract": false,
      "name": "M/H 부지임차료",
      "description": "M/H 부지 임차료 등 관련 비용"
    }
  },
  {
    "model": "ibs.projectaccountd3",
    "pk": 51,
    "fields": {
      "sort": 2,
      "d2": 13,
      "code": "661",
      "is_payment": false,
      "is_related_contract": false,
      "name": "상하수도 부담금",
      "description": "상하수도 원인자 부담금"
    }
  },
  {
    "model": "ibs.projectaccountd3",
    "pk": 52,
    "fields": {
      "sort": 2,
      "d2": 13,
      "code": "662",
      "is_payment": false,
      "is_related_contract": false,
      "name": "보존 등기비",
      "description": "보존등기비"
    }
  },
  {
    "model": "ibs.projectaccountd3",
    "pk": 53,
    "fields": {
      "sort": 2,
      "d2": 13,
      "code": "663",
      "is_payment": false,
      "is_related_contract": false,
      "name": "광역교통 부담금",
      "description": "광역교통 시설 부담금"
    }
  },
  {
    "model": "ibs.projectaccountd3",
    "pk": 54,
    "fields": {
      "sort": 2,
      "d2": 13,
      "code": "664",
      "is_payment": false,
      "is_related_contract": false,
      "name": "미술 장식품비",
      "description": "미술 장식품 설치비"
    }
  },
  {
    "model": "ibs.projectaccountd3",
    "pk": 55,
    "fields": {
      "sort": 2,
      "d2": 13,
      "code": "665",
      "is_payment": false,
      "is_related_contract": false,
      "name": "학교용지 부담금",
      "description": "학교용지 부담금"
    }
  },
  {
    "model": "ibs.projectaccountd3",
    "pk": 56,
    "fields": {
      "sort": 2,
      "d2": 13,
      "code": "666",
      "is_payment": false,
      "is_related_contract": false,
      "name": "과밀 부담금",
      "description": "과밀 부담금"
    }
  },
  {
    "model": "ibs.projectaccountd3",
    "pk": 57,
    "fields": {
      "sort": 2,
      "d2": 13,
      "code": "667",
      "is_payment": false,
      "is_related_contract": false,
      "name": "기반시설 설치비용",
      "description": "기반시설 설치비용"
    }
  },
  {
    "model": "ibs.projectaccountd3",
    "pk": 58,
    "fields": {
      "sort": 2,
      "d2": 13,
      "code": "668",
      "is_payment": false,
      "is_related_contract": false,
      "name": "전용 부담금",
      "description": "농지, 산지 전용 부담금 등"
    }
  },
  {
    "model": "ibs.projectaccountd3",
    "pk": 59,
    "fields": {
      "sort": 2,
      "d2": 13,
      "code": "669",
      "is_payment": false,
      "is_related_contract": false,
      "name": "기타 부담금",
      "description": "기타 각종 부담금 등"
    }
  },
  {
    "model": "ibs.projectaccountd3",
    "pk": 60,
    "fields": {
      "sort": 2,
      "d2": 13,
      "code": "609",
      "is_payment": false,
      "is_related_contract": false,
      "name": "부가가치세",
      "description": "부가가치세"
    }
  },
  {
    "model": "ibs.projectaccountd3",
    "pk": 61,
    "fields": {
      "sort": 2,
      "d2": 14,
      "code": "671",
      "is_payment": false,
      "is_related_contract": false,
      "name": "시행자 운영비",
      "description": "시행사(조합) 운영비"
    }
  },
  {
    "model": "ibs.projectaccountd3",
    "pk": 62,
    "fields": {
      "sort": 2,
      "d2": 14,
      "code": "672",
      "is_payment": false,
      "is_related_contract": false,
      "name": "신탁비",
      "description": "신탁 관련 수수료"
    }
  },
  {
    "model": "ibs.projectaccountd3",
    "pk": 63,
    "fields": {
      "sort": 2,
      "d2": 14,
      "code": "673",
      "is_payment": false,
      "is_related_contract": false,
      "name": "기타 사업비",
      "description": "감평, 법무, 회계 비용 등"
    }
  },
  {
    "model": "ibs.projectaccountd3",
    "pk": 64,
    "fields": {
      "sort": 2,
      "d2": 14,
      "code": "674",
      "is_payment": false,
      "is_related_contract": false,
      "name": "예비비",
      "description": "예비비 및 민원처리비 등"
    }
  },
  {
    "model": "ibs.projectaccountd3",
    "pk": 65,
    "fields": {
      "sort": 2,
      "d2": 14,
      "code": "675",
      "is_payment": false,
      "is_related_contract": false,
      "name": "업무대행비",
      "description": "업무대행 용역 수수료"
    }
  },
  {
    "model": "ibs.projectaccountd3",
    "pk": 66,
    "fields": {
      "sort": 2,
      "d2": 15,
      "code": "681",
      "is_payment": false,
      "is_related_contract": false,
      "name": "B/L 수수료, 이자",
      "description": "B/L 수수료 및 이자 비용"
    }
  },
  {
    "model": "ibs.projectaccountd3",
    "pk": 67,
    "fields": {
      "sort": 2,
      "d2": 15,
      "code": "682",
      "is_payment": false,
      "is_related_contract": false,
      "name": "P/F 수수료, 이자",
      "description": "P/F 수수료 및 이자 비용"
    }
  },
  {
    "model": "ibs.projectaccountd3",
    "pk": 68,
    "fields": {
      "sort": 2,
      "d2": 15,
      "code": "683",
      "is_payment": false,
      "is_related_contract": false,
      "name": "중도금 무이자",
      "description": "중도금 무이자 비용"
    }
  },
  {
    "model": "ibs.projectaccountd3",
    "pk": 69,
    "fields": {
      "sort": 2,
      "d2": 15,
      "code": "684",
      "is_payment": false,
      "is_related_contract": false,
      "name": "기타 금융비용",
      "description": "기타 차입 관련 금융비용"
    }
  },
  {
    "model": "ibs.projectaccountd3",
    "pk": 70,
    "fields": {
      "sort": 2,
      "d2": 16,
      "code": "691",
      "is_payment": false,
      "is_related_contract": false,
      "name": "영업외 비용(원천세)",
      "description": "원천세"
    }
  },
  {
    "model": "ibs.projectaccountd3",
    "pk": 71,
    "fields": {
      "sort": 2,
      "d2": 16,
      "code": "692",
      "is_payment": false,
      "is_related_contract": false,
      "name": "영업외 비용(기타잡손실)",
      "description": "기타 잡손실"
    }
  },
  {
    "model": "ibs.projectaccountd3",
    "pk": 72,
    "fields": {
      "sort": 2,
      "d2": 16,
      "code": "693",
      "is_payment": false,
      "is_related_contract": false,
      "name": "영업외 비용(위약금)",
      "description": "위약금 손실"
    }
  },
  {
    "model": "ibs.projectaccountd3",
    "pk": 73,
    "fields": {
      "sort": 2,
      "d2": 17,
      "code": "512",
      "is_payment": false,
      "is_related_contract": false,
      "name": "대체(출금)",
      "description": "계좌간 이체로 인한 출금 거래"
    }
  },
  {
    "model": "ibs.projectaccountd3",
    "pk": 74,
    "fields": {
      "sort": 1,
      "d2": 17,
      "code": "511",
      "is_payment": false,
      "is_related_contract": false,
      "name": "대체(입금)",
      "description": "계좌간 이체로 인한 입금 거래"
    }
  },
  {
    "model": "ibs.projectaccountd3",
    "pk": 75,
    "fields": {
      "sort": 2,
      "d2": 18,
      "code": "412",
      "is_payment": false,
      "is_related_contract": false,
      "name": "거래취소(출금)",
      "description": "거래 취소로 인한 출금거래"
    }
  },
  {
    "model": "ibs.projectaccountd3",
    "pk": 76,
    "fields": {
      "sort": 1,
      "d2": 18,
      "code": "411",
      "is_payment": false,
      "is_related_contract": false,
      "name": "거래취소(입금)",
      "description": "거래 취소로 인한 입금거래"
    }
  },
  {
    "model": "ibs.wisesaying",
    "pk": 1,
    "fields": {
      "saying_ko": "만물은 변화다. 우리의 삶이란 우리의 생각이 변화를 만드는 (과정)이다.",
      "saying_en": "The universe is change; our life is what our thoughts make it.",
      "spoked_by": "Marcus Aurelius Antoninus"
    }
  },
  {
    "model": "ibs.wisesaying",
    "pk": 2,
    "fields": {
      "saying_ko": "우연은 항상 강력하다. 항상 낚싯 바늘을 던져두라. 전혀 기대하지 않은 곳에 물고기가 있을 것이다.",
      "saying_en": "Chance is always powerful. Let your hook be always cast; in the pool where you least expect it, there will be a fish.",
      "spoked_by": "Ovid"
    }
  },
  {
    "model": "ibs.wisesaying",
    "pk": 3,
    "fields": {
      "saying_ko": "군자는 자신에게서 구하고, 소인은 남에게서 구한다. (君子求諸己 小人求諸人 / 군자구제기 소인구제인)",
      "saying_en": "What the superior man seeks is in himself. What the mean man seeks is in others.",
      "spoked_by": "Confucius"
    }
  },
  {
    "model": "ibs.wisesaying",
    "pk": 4,
    "fields": {
      "saying_ko": "작은 변화가 일어날 때 진정한 삶을 살게 된다.",
      "saying_en": "True life is lived when tiny changes occur.",
      "spoked_by": "Leo Tolstoy"
    }
  },
  {
    "model": "ibs.wisesaying",
    "pk": 5,
    "fields": {
      "saying_ko": "신은 우리가 성공할 것을 요구하지 않는다. 우리가 노력할 것을 요구할 뿐이다.",
      "saying_en": "God doesn't require us to succeed; he only requires that you try.",
      "spoked_by": "Mother Teresa"
    }
  },
  {
    "model": "ibs.wisesaying",
    "pk": 6,
    "fields": {
      "saying_ko": "과거는 지식의 원천이며, 미래는 희망의 원천이다. 과거에 대한 사랑에는 미래에 대한 믿음이 담겨있다.",
      "saying_en": "The past is a source of knowledge, and the future is a source of hope. Love of the past implies faith in the future.",
      "spoked_by": "Stephen Ambrose"
    }
  },
  {
    "model": "ibs.wisesaying",
    "pk": 7,
    "fields": {
      "saying_ko": "범인은 자신보다 뛰어난 사람을 알아보지 못하지만 재능을 가진 사람은 천재를 즉시 알아본다.",
      "saying_en": "Mediocrity knows nothing higher than itself, but talent instantly recognizes genius.",
      "spoked_by": "Sir Arthur Conan Doyle"
    }
  },
  {
    "model": "ibs.wisesaying",
    "pk": 8,
    "fields": {
      "saying_ko": "나는 폭풍이 두렵지 않다. 나의 배로 항해하는 법을 배우고 있으니까.",
      "saying_en": "I am not afraid of storms for I am learning how to sail my ship.",
      "spoked_by": "Helen Keller"
    }
  },
  {
    "model": "ibs.wisesaying",
    "pk": 9,
    "fields": {
      "saying_ko": "독서할 때 당신은 항상 가장 좋은 친구와 함께 있다.",
      "saying_en": "Live always in the best company when you read.",
      "spoked_by": "Sydney Smith"
    }
  },
  {
    "model": "ibs.wisesaying",
    "pk": 10,
    "fields": {
      "saying_ko": "떠날 때가 되었으니, 이제 각자의 길을 가자. 나는 죽기 위해서, 당신들은 살기 위해. 어느 편이 더 좋은 지는 오직 신만이 알 뿐이다.",
      "saying_en": "The hour of departure has arrived, and we go our ways - I to die, and you to live. Which is better God only knows.",
      "spoked_by": "Socrates"
    }
  },
  {
    "model": "ibs.wisesaying",
    "pk": 11,
    "fields": {
      "saying_ko": "들은 것은 잊어버리고, 본 것은 기억하고 직접 해본 것은 이해한다.",
      "saying_en": "I hear and I forget. I see and I remember. I do and I understand.",
      "spoked_by": "Confucius"
    }
  },
  {
    "model": "ibs.wisesaying",
    "pk": 12,
    "fields": {
      "saying_ko": "이 사랑의 꽃봉오리는 여름날 바람에 마냥 부풀었다가, 다음 만날 때엔 예쁘게 꽃필 거예요.",
      "saying_en": "This bud of love, by summer's ripening breath, May prove a beauteous flower when next we meet.",
      "spoked_by": "William Shakespeare"
    }
  },
  {
    "model": "ibs.wisesaying",
    "pk": 13,
    "fields": {
      "saying_ko": "만일 내게 나무를 베기 위해 한 시간만 주어진다면, 우선 나는 도끼를 가는데 45분을 쓸 것이다.",
      "saying_en": "If I only had an hour to chop down a tree, I would spend the first 45 minutes sharpening my axe.",
      "spoked_by": "Abraham Lincoln"
    }
  },
  {
    "model": "ibs.wisesaying",
    "pk": 14,
    "fields": {
      "saying_ko": "진정으로 웃으려면 고통을 참아야 하며, 나아가 고통을 즐길 줄 알아야 해!",
      "saying_en": "To truly laugh, you must be able to take your pain, and play with it!",
      "spoked_by": "Charlie Chaplin"
    }
  },
  {
    "model": "ibs.wisesaying",
    "pk": 15,
    "fields": {
      "saying_ko": "다른 사람이 가져오는 변화나 더 좋은 시기를 기다리기만 한다면 결국 변화는 오지 않을 것이다. 우리 자신이 바로 우리가 기다리던 사람들이다. 우리 자신이 바로 우리가 찾는 변화다.",
      "saying_en": "Change will not come if we wait for some other person or some other time. We are the ones we've been waiting for. We are the change that we seek.",
      "spoked_by": "Barack Obama"
    }
  },
  {
    "model": "ibs.wisesaying",
    "pk": 16,
    "fields": {
      "saying_ko": "어진 사람은 난관의 극복을 제일 중요한 일로 생각하고, 성공 여부는 부차적인 것으로 본다.",
      "saying_en": "The man of virtue makes the difficulty to be overcome his first business, and success only a subsequent consideration.",
      "spoked_by": "Confucius"
    }
  },
  {
    "model": "ibs.wisesaying",
    "pk": 17,
    "fields": {
      "saying_ko": "인간은 운명의 포로가 아니라 단지 자기 마음의 포로일 뿐이다.",
      "saying_en": "Men are not prisoners of fate, but only prisoners of their own minds.",
      "spoked_by": "Franklin D. Roosevelt"
    }
  },
  {
    "model": "ibs.wisesaying",
    "pk": 18,
    "fields": {
      "saying_ko": "이상적인 인간은 삶의 불행을 위엄과 품위를 잃지 않고 견뎌내 긍정적인 태도로 그 상황을 최대한 이용한다.",
      "saying_en": "The ideal man bears the accidents of life with dignity and grace, making the best of circumstances.",
      "spoked_by": "Aristotle"
    }
  },
  {
    "model": "ibs.wisesaying",
    "pk": 19,
    "fields": {
      "saying_ko": "멈추지 말고 한 가지 목표에 매진하라. 그것이 성공의 비결이다.",
      "saying_en": "To follow, without halt, one aim: There's the secret of success.",
      "spoked_by": "Anna Pavlova"
    }
  },
  {
    "model": "ibs.wisesaying",
    "pk": 20,
    "fields": {
      "saying_ko": "우리에게는 존재하지 않는 것들을 꿈꿀 수 있는 사람들이 필요하다.",
      "saying_en": "We need men who can dream of things that never were.",
      "spoked_by": "John F. Kennedy"
    }
  },
  {
    "model": "ibs.wisesaying",
    "pk": 21,
    "fields": {
      "saying_ko": "희망차게 여행하는 것이 목적지에 도착하는 것보다 좋다.",
      "saying_en": "To travel hopefully is a better thing than to arrive.",
      "spoked_by": "Robert Louis Stevenson"
    }
  },
  {
    "model": "ibs.wisesaying",
    "pk": 22,
    "fields": {
      "saying_ko": "가지고 있는 어떤 재주든 사용하라. 노래를 가장 잘하는 새들만 지저귀면 숲은 너무도 적막할 것이다.",
      "saying_en": "Use what talents you possess: the woods would be very silent if no birds sang there except those that sang best.",
      "spoked_by": "Henry Van Dyke"
    }
  },
  {
    "model": "ibs.wisesaying",
    "pk": 23,
    "fields": {
      "saying_ko": "우리는 오늘은 이러고 있지만, 내일은 어떻게 될지 누가 알아요?",
      "saying_en": "We know what we are, but not what we may be.",
      "spoked_by": "William Shakespeare"
    }
  },
  {
    "model": "ibs.wisesaying",
    "pk": 24,
    "fields": {
      "saying_ko": "인생을 살아가는 데는 오직 두가지 방법밖에 없다. 하나는 아무것도 기적이 아닌 것처럼, 다른 하나는 모든 것이 기적인 것처럼 살아가는 것이다.",
      "saying_en": "There are only two ways to live your life. One is as though nothing is a miracle. The other is as though everything is.",
      "spoked_by": "Albert Einstein"
    }
  },
  {
    "model": "ibs.wisesaying",
    "pk": 25,
    "fields": {
      "saying_ko": "성숙이란 어릴 때 놀이에 열중하던 진지함을 다시 발견하는 데 있다.",
      "saying_en": "Maturity consists in having rediscovered the seriousness one had as a child at play.",
      "spoked_by": "Friedrich Nietzsche"
    }
  },
  {
    "model": "ibs.wisesaying",
    "pk": 26,
    "fields": {
      "saying_ko": "어떤 것을 완전히 알려거든 그것을 다른 이에게 가르쳐라.",
      "saying_en": "If you would thoroughly know anything, teach it to others.",
      "spoked_by": "Tryon Edwards"
    }
  },
  {
    "model": "ibs.wisesaying",
    "pk": 27,
    "fields": {
      "saying_ko": "품질이 물량보다 더 중요합니다. 한 번의 홈런이 두 번의 2루타보다 나아요.",
      "saying_en": "Quality is more important than quantity. One home run is much better than two doubles.",
      "spoked_by": "Steve Jobs"
    }
  },
  {
    "model": "ibs.wisesaying",
    "pk": 28,
    "fields": {
      "saying_ko": "많은 경우 사람들은 원하는 것을 보여주기 전까지는 무엇을 원하는 지도 모른다.",
      "saying_en": "A lot of times, people don't know what they want until you show it to them.",
      "spoked_by": "Steve Jobs"
    }
  },
  {
    "model": "ibs.wisesaying",
    "pk": 29,
    "fields": {
      "saying_ko": "디자인은 제품이나 서비스의 연속적인 외층에 표현되는 인간 창조물의 영혼입니다.",
      "saying_en": "Design is the fundamental soul of a human-made creation that ends up expressing itself in successive outer layers of the product or service.",
      "spoked_by": "Steve Jobs"
    }
  },
  {
    "model": "ibs.wisesaying",
    "pk": 30,
    "fields": {
      "saying_ko": "늘 명심하라. 성공하겠다는 너 자신의 결심이 다른 어떤 것보다 중요하다는 것을.",
      "saying_en": "Always bear in mind that your own resolution to succeed is more important than any one thing.",
      "spoked_by": "Abraham Lincoln"
    }
  },
  {
    "model": "ibs.wisesaying",
    "pk": 31,
    "fields": {
      "saying_ko": "사람을 있는 그대로 받아들이면 그를 타락시킨다. 그가 될 수 있는 가능성을 통해 보면 그를 발전시킨다.",
      "saying_en": "When you take a man as he is, you make him worse. When you take a man as he can be, you make him better.",
      "spoked_by": "Johann Wolfgang von Goethe"
    }
  },
  {
    "model": "ibs.wisesaying",
    "pk": 32,
    "fields": {
      "saying_ko": "성공은 중요한 생일이 다가왔는데 당신은 전과 똑같다는 사실을 발견하는 것이다.",
      "saying_en": "Success is like reaching an important birthday and finding you're exactly the same.",
      "spoked_by": "Audrey Hepburn"
    }
  },
  {
    "model": "ibs.wisesaying",
    "pk": 33,
    "fields": {
      "saying_ko": "한 곳에서 불만인 사람이 다른 곳에서 행복하지는 않는다.",
      "saying_en": "He that is discontented in one place will seldom be happy in another.",
      "spoked_by": "Aesop"
    }
  },
  {
    "model": "ibs.wisesaying",
    "pk": 34,
    "fields": {
      "saying_ko": "벗이 먼 곳에서 찾아오면 또한 즐겁지 아니한가 (有朋自遠方來 不亦樂乎 / 유붕자원방래 불역락호)",
      "saying_en": "Isn't it great when friends visit from afar?",
      "spoked_by": "Confucius"
    }
  },
  {
    "model": "ibs.wisesaying",
    "pk": 35,
    "fields": {
      "saying_ko": "한 순간을 위해 내가 가진 모든 것을. (한 순간만 더 살수 있다면 내가 가진 모든 것을 내놓을텐데)",
      "saying_en": "All my possessions for a moment of time.",
      "spoked_by": "Elizabeth I"
    }
  },
  {
    "model": "ibs.wisesaying",
    "pk": 36,
    "fields": {
      "saying_ko": "성공한 사람이 아니라 가치있는 사람이 되기 위해 힘쓰라.",
      "saying_en": "Try not to become a man of success but rather try to become a man of value.",
      "spoked_by": "Albert Einstein"
    }
  },
  {
    "model": "ibs.wisesaying",
    "pk": 37,
    "fields": {
      "saying_ko": "나는 전투를 준비하면서 계획은 무용하나 계획하는 것은 꼭 필요함을 항상 발견해왔다.",
      "saying_en": "In preparing for battle I have always found that plans are useless, but planning is indispensable.",
      "spoked_by": "Dwight D. Eisenhower"
    }
  },
  {
    "model": "ibs.wisesaying",
    "pk": 38,
    "fields": {
      "saying_ko": "계산된 위험은 감수하라. 이는 단순히 무모한 것과는 완전히 다른 것이다.",
      "saying_en": "Take calculated risks. That is quite different from being rash.",
      "spoked_by": "George S. Patton"
    }
  },
  {
    "model": "ibs.wisesaying",
    "pk": 39,
    "fields": {
      "saying_ko": "기쁨은 사물 안에 있지 않다. 그것은 우리 안에 있다.",
      "saying_en": "Joy is not in things; it is in us.",
      "spoked_by": "Richard Wagner"
    }
  },
  {
    "model": "ibs.wisesaying",
    "pk": 40,
    "fields": {
      "saying_ko": "인생이란 당신이 다른 계획을 세우느라 바쁠 때 당신에게 일어나는 것이에요.",
      "saying_en": "Life is what happens to you while you're busy making other plans.",
      "spoked_by": "John Lennon"
    }
  },
  {
    "model": "ibs.wisesaying",
    "pk": 41,
    "fields": {
      "saying_ko": "개인은 천재다. 그러나 군중은 머리없는 괴수, 거대하고 야수같은 바보가 되어 시키는 대로 행동한다.",
      "saying_en": "Man as an individual is a genius. But men in the mass form the headless monster, a great, brutish idiot that goes where prodded.",
      "spoked_by": "Charlie Chaplin"
    }
  },
  {
    "model": "ibs.wisesaying",
    "pk": 42,
    "fields": {
      "saying_ko": "할 수 있는 자는 행한다. 할 수 없는 자는 가르친다",
      "saying_en": "He who can, does. He who cannot, teaches.",
      "spoked_by": "George Bernard Shaw"
    }
  },
  {
    "model": "ibs.wisesaying",
    "pk": 43,
    "fields": {
      "saying_ko": "내가 가진 감각들이 아니라, 그것으로 하는 무엇인가가 나의 세계다.",
      "saying_en": "Not the senses I have but what I do with them is my kingdom.",
      "spoked_by": "Helen Keller"
    }
  },
  {
    "model": "ibs.wisesaying",
    "pk": 44,
    "fields": {
      "saying_ko": "우연이 아닌 선택이 운명을 결정한다.",
      "saying_en": "It's choice - not chance - that determines your destiny.",
      "spoked_by": "Jean Nidetch"
    }
  },
  {
    "model": "ibs.wisesaying",
    "pk": 45,
    "fields": {
      "saying_ko": "인생에 있는 큰 비밀은 큰 비밀 따위는 없다는 것이다. 당신의 목표가 무엇이든 열심히 할 의지가 있다면 달성할 수 있다.",
      "saying_en": "The big secret in life is that there is no big secret. Whatever your goal, you can get there if you're willing to work.",
      "spoked_by": "Oprah Winfrey"
    }
  },
  {
    "model": "ibs.wisesaying",
    "pk": 46,
    "fields": {
      "saying_ko": "재능은 게임에서 이기게 한다. 그러나 팀워크는 우승을 가져온다.",
      "saying_en": "Talent wins games, but teamwork wins championships.",
      "spoked_by": "Michael Jordan"
    }
  },
  {
    "model": "ibs.wisesaying",
    "pk": 47,
    "fields": {
      "saying_ko": "인간의 감정은 누군가를 만날 때와 헤어질 때 가장 순수하며 가장 빛난다.",
      "saying_en": "Man's feelings are always purest and most glowing in the hour of meeting and of farewell.",
      "spoked_by": "Jean Paul Richter"
    }
  },
  {
    "model": "ibs.wisesaying",
    "pk": 48,
    "fields": {
      "saying_ko": "이른 아침은 입에 황금을 물고 있다.",
      "saying_en": "Early morning hath gold in its mouth.",
      "spoked_by": "Benjamin Franklin"
    }
  },
  {
    "model": "ibs.wisesaying",
    "pk": 49,
    "fields": {
      "saying_ko": "우리를 조금 크게 만드는데 걸리는 시간은 단 하루면 충분하다.",
      "saying_en": "A single day is enough to make us a little larger.",
      "spoked_by": "Paul Klee"
    }
  },
  {
    "model": "ibs.wisesaying",
    "pk": 50,
    "fields": {
      "saying_ko": "인간은 오직 사고(思考)의 산물일 뿐이다. 생각하는 대로 되는 법.",
      "saying_en": "A man is but the product of his thoughts. What he thinks, he becomes.",
      "spoked_by": "Mahatma Gandhi"
    }
  },
  {
    "model": "ibs.wisesaying",
    "pk": 51,
    "fields": {
      "saying_ko": "어떤 것이 당신이 계획대로 되지 않는 다고 해서 그것이 불필요한 것은 아니다.",
      "saying_en": "Just because something doesn't do what you planned it to do doesn't mean it's useless.",
      "spoked_by": "Thomas A. Edison"
    }
  },
  {
    "model": "ibs.wisesaying",
    "pk": 52,
    "fields": {
      "saying_ko": "이루어질 꿈도 이루어지지 않을 꿈만큼 불확실할 수 있다.",
      "saying_en": "Dreams that do come true can be as unsettling as those that don't.",
      "spoked_by": "Brett Butler"
    }
  },
  {
    "model": "ibs.wisesaying",
    "pk": 53,
    "fields": {
      "saying_ko": "앞서 가는 방법의 비밀은 시작하는 것이다. 시작하는 방법의 비밀은 복잡하고 과중한 작업을 할 수 있는 작은 업무로 나누어, 그 첫 번째 업무부터 시작하는 것이다.",
      "saying_en": "The secret of getting ahead is getting started. The secret of getting started is breaking your complex overwhelming tasks into small manageable tasks, and then starting on the first one.",
      "spoked_by": "Mark Twain"
    }
  },
  {
    "model": "ibs.wisesaying",
    "pk": 54,
    "fields": {
      "saying_ko": "이 세상에 위대한 사람은 없다. 단지 평범한 사람들이 일어나 맞서는 위대한 도전이 있을 뿐이다.",
      "saying_en": "There are no great people in this world, only great challenges which ordinary people rise to meet.",
      "spoked_by": "William Frederick Halsey, Jr."
    }
  },
  {
    "model": "ibs.wisesaying",
    "pk": 55,
    "fields": {
      "saying_ko": "자존이야말로 모든 미덕의 초석이다.",
      "saying_en": "Self-respect is the cornerstone of all virtue.",
      "spoked_by": "John Herschel"
    }
  },
  {
    "model": "ibs.wisesaying",
    "pk": 56,
    "fields": {
      "saying_ko": "그 투쟁에서 실패할 수도 있다는 개연성 때문에 정당하다고 믿는 대의를 지지하는 데서 물러 서서는 안된다.",
      "saying_en": "The probability that we may fail in the struggle ought not to deter us from the support of a cause we believe to be just.",
      "spoked_by": "Abraham Lincoln"
    }
  },
  {
    "model": "ibs.wisesaying",
    "pk": 57,
    "fields": {
      "saying_ko": "쉬운 일을 어려운 일처럼, 어려운 일을 쉬운 일처럼 대하라. 전자는 자신감이 잠들지 않게, 후자는 자신감을 잃지 않기 위함이다.",
      "saying_en": "Attempt easy tasks as if they were difficult, and difficult as if they were easy; in the one case that confidence may not fall asleep, in the other that it may not be dismayed.",
      "spoked_by": "Baltasar Gracian"
    }
  },
  {
    "model": "ibs.wisesaying",
    "pk": 58,
    "fields": {
      "saying_ko": "조금만 체력을 키울 기회가 생기면 인생의 평범한 경험들이 얼마나 상쾌해지는지 놀라울 따름이다.",
      "saying_en": "It is amazing how much crisper the general experience of life becomes when your body is given a chance to develop a little strength.",
      "spoked_by": "Frank Duff"
    }
  },
  {
    "model": "ibs.wisesaying",
    "pk": 59,
    "fields": {
      "saying_ko": "공포를 느껴라, 그리고 그래도 도전하라.",
      "saying_en": "Feel the fear and do it anyway.",
      "spoked_by": "Susan Jeffers"
    }
  },
  {
    "model": "ibs.wisesaying",
    "pk": 60,
    "fields": {
      "saying_ko": "인간의 천성은 비슷하나, 습관의 차이가 큰 차이를 만든다.",
      "saying_en": "Men's natures are alike, it is their habits that carry them far apart.",
      "spoked_by": "Confucius"
    }
  },
  {
    "model": "ibs.wisesaying",
    "pk": 61,
    "fields": {
      "saying_ko": "인생은 사람들 앞에서 바이올린을 켜면서 바이올린을 배우는 것과 같다.",
      "saying_en": "Life is like playing a violin in public and learning the instrument as one goes on.",
      "spoked_by": "Samuel Butler"
    }
  },
  {
    "model": "ibs.wisesaying",
    "pk": 62,
    "fields": {
      "saying_ko": "두려움 때문에 갖는 존경심만큼 비열한 것은 없다.",
      "saying_en": "Nothing is more despicable than respect based on fear.",
      "spoked_by": "Albert Camus(알베르 카뮈) [프랑스 작가, 1913-1960]"
    }
  },
  {
    "model": "ibs.wisesaying",
    "pk": 63,
    "fields": {
      "saying_ko": "사업의 비결은 다른 사람들은 아무도 모르고 있는 무엇인가를 아는 것이다.",
      "saying_en": "The secret of business is to know something that nobody else knows.",
      "spoked_by": "Aristotle Onassis (아리스토틀 오나시)[그리스 해운업자, 1906-1975]"
    }
  },
  {
    "model": "ibs.wisesaying",
    "pk": 64,
    "fields": {
      "saying_ko": "사람은 살려고 태어나는 것이지 인생을 준비하려고 태어나는 것은 아니다. 인생 그 자체, 인생의 현상, 인생이 가져다 주는 선물은 숨이 막히도록 진지하다!",
      "saying_en": "Man is born to live, not to prepare for life. Life itself, the phenomenon of life, the gift of life, is so breathtakingly serious!",
      "spoked_by": "Boris Pasternak(보리스 파스테르나크)[러시아 시인/소설가, 1890-1960]"
    }
  },
  {
    "model": "ibs.wisesaying",
    "pk": 65,
    "fields": {
      "saying_ko": "사람이 먼 일을 생각하지 않으면 바로 앞에 슬픔이 닥치는 법이다.",
      "saying_en": "If a man takes no thought about what is distant, he will find sorrow near at hand.",
      "spoked_by": "Confucius(공자)[중국 교육자, 551 B.C.-479 B.C.]"
    }
  },
  {
    "model": "ibs.wisesaying",
    "pk": 66,
    "fields": {
      "saying_ko": "승리하면 조금 배울 수 있고 패배하면 모든 것을 배울 수 있다.",
      "saying_en": "You can learn a little from victory; you can learn everything from defeat.",
      "spoked_by": "Christy Mathewson(크리스티 매튜슨)[미국 야구스타, 1880-1925]"
    }
  },
  {
    "model": "ibs.wisesaying",
    "pk": 67,
    "fields": {
      "saying_ko": "맹인들의 나라에서는 애꾸가 왕이다.",
      "saying_en": "In the country of the blind, the one-eyed man is king.",
      "spoked_by": "Desiderius Erasmus(데시데리우스 에라스무스)[네덜란드 인문주의자]"
    }
  },
  {
    "model": "ibs.wisesaying",
    "pk": 68,
    "fields": {
      "saying_ko": "기도를 함으로써 더 나은 사람이 되는 이의 기도는 응답을 받는다.",
      "saying_en": "He who rises from prayer a better man, his prayer is answered.",
      "spoked_by": "George Meredith(조지 메리디스)[영국 시인/소설가, 1828-1909]"
    }
  },
  {
    "model": "ibs.wisesaying",
    "pk": 69,
    "fields": {
      "saying_ko": "재물을 스스로 만들지 않는 사람에게는 쓸 권리가 없듯이 행복도 스스로 만들지 않는 사람에게는 누릴 권리가 없다.",
      "saying_en": "We have no more right to consume happiness without producing it than to consume wealth without producing it.",
      "spoked_by": "George Bernard Shaw(조지 버나드 쇼)"
    }
  },
  {
    "model": "ibs.wisesaying",
    "pk": 70,
    "fields": {
      "saying_ko": "힘 있을 때 친구는 친구가 아니다.",
      "saying_en": "A friend in power is a friend lost.",
      "spoked_by": "Henry Adams(헨리 애덤스)[美작가/역사가, 1838-1915]"
    }
  },
  {
    "model": "ibs.wisesaying",
    "pk": 71,
    "fields": {
      "saying_ko": "모든 세대는 지난 유행을 비웃는다 그러나 새 유행은 종교처럼 따른다.",
      "saying_en": "Every generation laughs at the old fashions but religiously follows the new.",
      "spoked_by": "Henry David Thoreau(헨리 데이빗 소로)[미국 사상가, 1817-1862]"
    }
  },
  {
    "model": "ibs.wisesaying",
    "pk": 72,
    "fields": {
      "saying_ko": "가장 하기 힘든 일은 아무 일도 안하는 것이다.",
      "saying_en": "The hardest work is to go idle.",
      "spoked_by": "Jewish proverb(유대인 격언)"
    }
  },
  {
    "model": "ibs.wisesaying",
    "pk": 73,
    "fields": {
      "saying_ko": "당신이 자신은 2위로 만족한다고 일단 말하면, 당신의 인생은 그렇게 되기 마련이라는 것을 나는 깨달았다.",
      "saying_en": "Once you say you're going to settle for second, that's what happens to you in life, I find.",
      "spoked_by": "John F. Kennedy(존 F. 케네디)[미국 대통령, 1917-63]"
    }
  },
  {
    "model": "ibs.wisesaying",
    "pk": 74,
    "fields": {
      "saying_ko": "당신에게 열정이 없다면, 에너지가 없다는 것이다. 당신에게 에너지가 없다면 아무것도 없는 것이다.",
      "saying_en": "If you don't have passion, you have no energy. If you don't have no energy, you have nothing.",
      "spoked_by": "Donald J. Trump"
    }
  },
  {
    "model": "ibs.wisesaying",
    "pk": 75,
    "fields": {
      "saying_ko": "이루기에 너무 큰 꿈도, 너무 위대한 꿈도 없다!",
      "saying_en": "No dream is too big, no challenge is too great!",
      "spoked_by": "Donald J. Trump"
    }
  },
  {
    "model": "ibs.wisesaying",
    "pk": 76,
    "fields": {
      "saying_ko": "처음에는 꼭 필요한 일부터 시작하고, 그 다음에 가능한 일을 하다보면, 어느 순간 불가능한 일도 하게 된다.",
      "saying_en": "Start by doing what's necessary; then do what's possible; and suddenly you are doing the impossible.",
      "spoked_by": "아시시의 프란치스코"
    }
  },
  {
    "model": "ibs.wisesaying",
    "pk": 77,
    "fields": {
      "saying_ko": "변명은 우리의 꿈을 부숴버리는 바윗돌이다.",
      "saying_en": "Excuses are the rocks where our dreams are crushed.",
      "spoked_by": "팀 파고"
    }
  },
  {
    "model": "ibs.wisesaying",
    "pk": 78,
    "fields": {
      "saying_ko": "사랑과 능력이 함께 할 때 걸작이 탄생한다.",
      "saying_en": "When love and skill work together, expect a masterpiece.  - John Ruskin",
      "spoked_by": "존 러스킨"
    }
  },
  {
    "model": "ibs.wisesaying",
    "pk": 79,
    "fields": {
      "saying_ko": "당신이 모든 가능성을 다 써 보았다고 느낄 때, 이것을 기억하라: 그래도 아직 시도해 보지 못한 가능성이 남아 있다는 것을…",
      "saying_en": "When you have exhausted all possibilities, remember this: you haven't.",
      "spoked_by": "토머스 에디슨"
    }
  },
  {
    "model": "ibs.wisesaying",
    "pk": 112,
    "fields": {
      "saying_ko": "성공은 종점이 아니며, 실패는 치명적이지 않습니다. 중요한 것은 용기이다.",
      "saying_en": "Success is not final; failure is not fatal: It is the courage to continue that counts.",
      "spoked_by": "Winston S. Churchill"
    }
  },
  {
    "model": "ibs.wisesaying",
    "pk": 113,
    "fields": {
      "saying_ko": "성공은 보통 바빠서 찾아갈 시간이 없는 사람들의 것이다.",
      "saying_en": "Success usually comes to those who are too busy to be looking for it.",
      "spoked_by": "Henry David Thoreau"
    }
  },
  {
    "model": "ibs.wisesaying",
    "pk": 114,
    "fields": {
      "saying_ko": "만약 당신이 정말로 자세히 관찰한다면, 대부분의 하룻밤 동안의 성공에는 많은 시간이 걸린 것을 발견할 것이다.",
      "saying_en": "If you really look closely, most overnight successes took a long time.",
      "spoked_by": "Steve Jobs"
    }
  },
  {
    "model": "ibs.wisesaying",
    "pk": 115,
    "fields": {
      "saying_ko": "성공의 비결은 평범하지 않은 일을 잘 하는 것이다.",
      "saying_en": "The secret of success is to do the common thing uncommonly well.",
      "spoked_by": "John D. Rockefeller Jr."
    }
  },
  {
    "model": "ibs.wisesaying",
    "pk": 116,
    "fields": {
      "saying_ko": "더 나은 것을 위해 좋은 것을 포기하는 걸 두려워 하지 마라.",
      "saying_en": "Don’t be afraid to give up the good to go for the great.",
      "spoked_by": "John D. Rockefeller"
    }
  },
  {
    "model": "ibs.wisesaying",
    "pk": 117,
    "fields": {
      "saying_ko": "성공은 실패에서 실패로, 열정을 잃지 않는 것이다.",
      "saying_en": "Success is walking from failure to failure with no loss of enthusiasm.",
      "spoked_by": "Winston Churchill"
    }
  },
  {
    "model": "ibs.wisesaying",
    "pk": 118,
    "fields": {
      "saying_ko": "자신이 세상을 바꿀 수 있다고 생각할 만큼 미친 사람들이 바로 세상을 바꾸는 사람들입니다.",
      "saying_en": "The ones who are crazy enough to think they can change the world, are the ones that do.",
      "spoked_by": "Anonymous"
    }
  },
  {
    "model": "ibs.wisesaying",
    "pk": 119,
    "fields": {
      "saying_ko": "하지만 저는 왠지 충분히 어두울 때만 여러분들이 별들을 볼 수 있다는 것을 압니다.",
      "saying_en": "But I know, somehow, that only when it is dark enough can you see the stars.",
      "spoked_by": "Martin Luther King, Jr"
    }
  },
  {
    "model": "ibs.wisesaying",
    "pk": 120,
    "fields": {
      "saying_ko": "저는 이를 소망하고 희망하여 도달한게 아니라, 노력했습니다.",
      "saying_en": "I didn’t get there by wishing for it or hoping for it, but by working for it.",
      "spoked_by": "Estée Lauder"
    }
  },
  {
    "model": "ibs.wisesaying",
    "pk": 121,
    "fields": {
      "saying_ko": "능력이 부족할 수록 자만심이 더 강하다.",
      "saying_en": "The less their ability, the more their conceit.",
      "spoked_by": "Ahad Ha-am"
    }
  },
  {
    "model": "ibs.wisesaying",
    "pk": 122,
    "fields": {
      "saying_ko": "7번넘어져도 8번 일어나라.",
      "saying_en": "Fall 7 times, stand up 8.",
      "spoked_by": "Anonymous"
    }
  },
  {
    "model": "ibs.wisesaying",
    "pk": 123,
    "fields": {
      "saying_ko": "아무도 당신이 될 수 없다. 그것이 당신의 힘이다.",
      "saying_en": "No one is you and that is your power.",
      "spoked_by": "Anonymous"
    }
  },
  {
    "model": "ibs.wisesaying",
    "pk": 124,
    "fields": {
      "saying_ko": "의심으로 가득 찬 마음은 승리로의 여정에 집중할 수 없다.",
      "saying_en": "A mind troubled by doubt cannot focus on the course of victory.",
      "spoked_by": "Arthur Golden"
    }
  },
  {
    "model": "ibs.wisesaying",
    "pk": 125,
    "fields": {
      "saying_ko": "성공한 사람 대신 가치 있는 사람이 되라.",
      "saying_en": "Try not to become a man of success. Rather become a man of value.",
      "spoked_by": "Albert Einstein"
    }
  },
  {
    "model": "ibs.wisesaying",
    "pk": 126,
    "fields": {
      "saying_ko": "일을 시작하는 방법은 말하는 것을 멈추고 행동으로 옮기는 것이다.",
      "saying_en": "The way to get started is to quit talking and begin doing.",
      "spoked_by": "Walt Disney"
    }
  },
  {
    "model": "ibs.wisesaying",
    "pk": 127,
    "fields": {
      "saying_ko": "더 열심히 일하면 할수록 운이 더 좋아진다는 것을 알게 된다.",
      "saying_en": "I find that the harder I work, the more luck I seem to have.",
      "spoked_by": "Thomas Jefferson"
    }
  },
  {
    "model": "ibs.wisesaying",
    "pk": 128,
    "fields": {
      "saying_ko": "성공을 원한다면 그것을 목표로 하지 말고 당신이 사랑하고 믿는 것을 하라. 그러면 자연스럽게 이루어질 것이다.",
      "saying_en": "Don’t aim for success if you want it; just do what you love and believe in, and it will come naturally.",
      "spoked_by": "David Frost"
    }
  },
  {
    "model": "ibs.wisesaying",
    "pk": 129,
    "fields": {
      "saying_ko": "기회는 일어나는 게 아니라 당신이 만드는 것이다.",
      "saying_en": "Opportunities don’t happen. You create them.",
      "spoked_by": "Chris Grosser"
    }
  },
  {
    "model": "ibs.wisesaying",
    "pk": 130,
    "fields": {
      "saying_ko": "힘든 시간들은 절대로 오래가지 않지만, 강인한 사람들은 오래 간다.",
      "saying_en": "Tough times never last, but tough people do.",
      "spoked_by": "Robert H. Schuller"
    }
  },
  {
    "model": "ibs.wisesaying",
    "pk": 131,
    "fields": {
      "saying_ko": "나는 인생에서 몇 번이고 반복해서 실패했고 그것이 내가 성공하는 이유이다.",
      "saying_en": "I’ve failed over and over and over again in my life and that is why I succeed.",
      "spoked_by": "Michael Jordan"
    }
  },
  {
    "model": "ibs.wisesaying",
    "pk": 132,
    "fields": {
      "saying_ko": "당신이 키워진 틀에서 벗어나지 못하면, 당신은 세상이 얼마나 더 큰지 이해하지 못할 것이다.",
      "saying_en": "If you don’t get out of the box you’ve been raised in, you won’t understand how much bigger the world is.",
      "spoked_by": "Angelina Jolie"
    }
  },
  {
    "model": "ibs.wisesaying",
    "pk": 133,
    "fields": {
      "saying_ko": "매일 두려운 일을 한가지 하세요.",
      "saying_en": "Do one thing every day that scares you.",
      "spoked_by": "Anonymous"
    }
  },
  {
    "model": "ibs.wisesaying",
    "pk": 134,
    "fields": {
      "saying_ko": "구름 뒤엔 여전히 태양이 빛나고 있다.",
      "saying_en": "Behind the cloud is the sun still shining.",
      "spoked_by": "Anonymous"
    }
  },
  {
    "model": "ibs.wisesaying",
    "pk": 135,
    "fields": {
      "saying_ko": "해보기 전에는 결코 알 수 없을 것이다.",
      "saying_en": "You will never know until you try.",
      "spoked_by": "Anonymous"
    }
  },
  {
    "model": "ibs.wisesaying",
    "pk": 136,
    "fields": {
      "saying_ko": "이또한 지나가리라.",
      "saying_en": "This too shall pass.",
      "spoked_by": "Et hoc transibit"
    }
  },
  {
    "model": "ibs.wisesaying",
    "pk": 137,
    "fields": {
      "saying_ko": "인생은 불공평 합니다. 익숙해지세요.",
      "saying_en": "Life is unfair, get used to it.",
      "spoked_by": "Bill Gates"
    }
  },
  {
    "model": "ibs.wisesaying",
    "pk": 138,
    "fields": {
      "saying_ko": "즐거움은 영원히 유행에 뒤떨어지지 않는다.",
      "saying_en": "Being happy never goes out of style.",
      "spoked_by": "Lilly Pulitzer"
    }
  },
  {
    "model": "ibs.wisesaying",
    "pk": 139,
    "fields": {
      "saying_ko": "인생은 산이다. 당신의 목표는 정상에 도달하는 것이 아니라 당신의 길을 찾는 것이다.",
      "saying_en": "Life is a mountain. Your goal is to find your path, not to reach the top.",
      "spoked_by": "Maxime Lagacé"
    }
  },
  {
    "model": "ibs.wisesaying",
    "pk": 140,
    "fields": {
      "saying_ko": "인생은 내면으로부터 나온다. 당신이 내면을 바꿀 때, 삶은 외부로 바뀐다.",
      "saying_en": "Life is from the inside out. When you shift on the inside, life shifts on the outside.",
      "spoked_by": "Kamal Ravikant"
    }
  },
  {
    "model": "ibs.wisesaying",
    "pk": 141,
    "fields": {
      "saying_ko": "일기예보에도 불구하고, 봄처럼 살아라.",
      "saying_en": "Despite the forecast, live like it’s spring.",
      "spoked_by": "Lilly Pulitzer"
    }
  },
  {
    "model": "ibs.wisesaying",
    "pk": 142,
    "fields": {
      "saying_ko": "두려움 때문에 갖는 존경심만큼 비열한 것은 없다.",
      "saying_en": "Nothing in more despicable than respect based on fear.",
      "spoked_by": "Albert camus"
    }
  },
  {
    "model": "ibs.wisesaying",
    "pk": 143,
    "fields": {
      "saying_ko": "당신이 가진 것을 사랑하라.",
      "saying_en": "love what you have.",
      "spoked_by": "Anonymous"
    }
  },
  {
    "model": "work.role",
    "pk": 1,
    "fields": {
      "name": "익명",
      "assignable": true,
      "issue_visible": "NOP",
      "time_entry_visible": "NOP",
      "user_visible": "ALL",
      "default_time_activity": null,
      "order": 0,
      "created": "2024-02-29T03:46:04Z",
      "updated": "2025-07-09T07:25:01.940Z",
      "creator": 1,
      "permissions": [
        12,
        32,
        39,
        42,
        46,
        48,
        49,
        60,
        61,
        65,
        75,
        76
      ]
    }
  },
  {
    "model": "work.role",
    "pk": 2,
    "fields": {
      "name": "비회원",
      "assignable": true,
      "issue_visible": "PUB",
      "time_entry_visible": "ALL",
      "user_visible": "ALL",
      "default_time_activity": null,
      "order": 0,
      "created": "2024-02-29T03:47:14Z",
      "updated": "2025-07-09T07:27:36.853Z",
      "creator": 1,
      "permissions": [
        11,
        12,
        13,
        32,
        39,
        41,
        42,
        46,
        48,
        49,
        60,
        61,
        65,
        75,
        76
      ]
    }
  },
  {
    "model": "work.role",
    "pk": 3,
    "fields": {
      "name": "관리자",
      "assignable": true,
      "issue_visible": "ALL",
      "time_entry_visible": "ALL",
      "user_visible": "ALL",
      "default_time_activity": null,
      "order": 1,
      "created": "2024-02-29T03:48:04Z",
      "updated": "2025-07-09T07:30:54.964Z",
      "creator": 1,
      "permissions": [
        1,
        2,
        3,
        4,
        5,
        6,
        7,
        8,
        9,
        10,
        11,
        12,
        13,
        14,
        15,
        16,
        17,
        18,
        19,
        20,
        21,
        22,
        23,
        24,
        25,
        26,
        27,
        28,
        29,
        30,
        31,
        32,
        33,
        34,
        35,
        36,
        37,
        38,
        39,
        40,
        41,
        42,
        43,
        44,
        45,
        46,
        47,
        48,
        49,
        50,
        51,
        52,
        53,
        54,
        55,
        56,
        57,
        58,
        59,
        60,
        61,
        62,
        63,
        64,
        65,
        66,
        67,
        68,
        69,
        70,
        71,
        72,
        73,
        74,
        75,
        76
      ]
    }
  },
  {
    "model": "work.role",
    "pk": 4,
    "fields": {
      "name": "개발자",
      "assignable": true,
      "issue_visible": "PUB",
      "time_entry_visible": "ALL",
      "user_visible": "ALL",
      "default_time_activity": 2,
      "order": 1,
      "created": "2024-02-29T03:59:14Z",
      "updated": "2025-07-09T07:36:33.334Z",
      "creator": 1,
      "permissions": [
        8,
        11,
        12,
        13,
        14,
        16,
        17,
        18,
        21,
        23,
        31,
        32,
        33,
        35,
        39,
        41,
        42,
        43,
        44,
        46,
        47,
        48,
        49,
        51,
        53,
        60,
        61,
        62,
        63,
        65,
        66,
        68,
        70,
        75,
        76
      ]
    }
  },
  {
    "model": "work.role",
    "pk": 5,
    "fields": {
      "name": "보고자",
      "assignable": true,
      "issue_visible": "PUB",
      "time_entry_visible": "ALL",
      "user_visible": "ALL",
      "default_time_activity": null,
      "order": 1,
      "created": "2024-02-29T03:59:24Z",
      "updated": "2025-07-09T07:39:11.282Z",
      "creator": 1,
      "permissions": [
        11,
        12,
        13,
        21,
        23,
        32,
        33,
        39,
        41,
        42,
        46,
        48,
        49,
        60,
        61,
        65,
        66,
        68,
        70,
        75,
        76
      ]
    }
  },
  {
    "model": "work.role",
    "pk": 6,
    "fields": {
      "name": "프로젝트 관리자",
      "assignable": true,
      "issue_visible": "ALL",
      "time_entry_visible": "ALL",
      "user_visible": "ALL",
      "default_time_activity": null,
      "order": 1,
      "created": "2024-05-07T06:50:23Z",
      "updated": "2025-07-09T07:39:33.533Z",
      "creator": 1,
      "permissions": [
        1,
        2,
        3,
        4,
        5,
        6,
        7,
        8,
        9,
        10,
        11,
        12,
        13,
        14,
        15,
        16,
        17,
        18,
        19,
        20,
        21,
        22,
        23,
        24,
        25,
        26,
        27,
        28,
        29,
        30,
        31,
        32,
        33,
        34,
        35,
        36,
        37,
        38,
        39,
        40,
        41,
        42,
        43,
        44,
        45,
        46,
        47,
        48,
        49,
        50,
        51,
        52,
        53,
        54,
        55,
        56,
        57,
        58,
        59,
        60,
        61,
        62,
        63,
        64,
        65,
        66,
        67,
        68,
        69,
        70,
        71,
        72,
        73,
        74,
        75,
        76
      ]
    }
  },
  {
    "model": "work.role",
    "pk": 7,
    "fields": {
      "name": "프로젝트 스태프",
      "assignable": true,
      "issue_visible": "PUB",
      "time_entry_visible": "ALL",
      "user_visible": "ALL",
      "default_time_activity": null,
      "order": 1,
      "created": "2024-07-14T00:09:41.184Z",
      "updated": "2025-07-09T07:42:58.420Z",
      "creator": 1,
      "permissions": [
        8,
        11,
        12,
        13,
        14,
        17,
        18,
        21,
        23,
        27,
        31,
        32,
        33,
        35,
        39,
        41,
        46,
        47,
        48,
        49,
        51,
        53,
        60,
        61,
        62,
        63,
        65,
        66,
        68,
        70,
        75,
        76
      ]
    }
  },
  {
    "model": "work.role",
    "pk": 8,
    "fields": {
      "name": "프로젝트 참여자",
      "assignable": true,
      "issue_visible": "PUB",
      "time_entry_visible": "ALL",
      "user_visible": "ALL",
      "default_time_activity": null,
      "order": 1,
      "created": "2024-07-14T00:09:41.189Z",
      "updated": "2025-07-09T07:46:42.601Z",
      "creator": 1,
      "permissions": [
        11,
        12,
        13,
        21,
        23,
        32,
        39,
        41,
        42,
        46,
        48,
        49,
        60,
        64,
        65,
        66,
        75,
        76
      ]
    }
  },
  {
    "model": "work.permission",
    "pk": 1,
    "fields": {
      "sort": "project",
      "code": "project.create",
      "name": "프로젝트생성",
      "is_default": false,
      "description": ""
    }
  },
  {
    "model": "work.permission",
    "pk": 2,
    "fields": {
      "sort": "project",
      "code": "project.update",
      "name": "프로젝트 편집",
      "is_default": false,
      "description": ""
    }
  },
  {
    "model": "work.permission",
    "pk": 3,
    "fields": {
      "sort": "project",
      "code": "project.close",
      "name": "프로젝트 닫기/열기",
      "is_default": false,
      "description": ""
    }
  },
  {
    "model": "work.permission",
    "pk": 4,
    "fields": {
      "sort": "project",
      "code": "project.delete",
      "name": "프로젝트 삭제",
      "is_default": false,
      "description": ""
    }
  },
  {
    "model": "work.permission",
    "pk": 5,
    "fields": {
      "sort": "project",
      "code": "project.public",
      "name": "프로젝트 공개/비공개 설정",
      "is_default": false,
      "description": ""
    }
  },
  {
    "model": "work.permission",
    "pk": 6,
    "fields": {
      "sort": "project",
      "code": "project.module",
      "name": "프로젝트 모듈 선택",
      "is_default": false,
      "description": ""
    }
  },
  {
    "model": "work.permission",
    "pk": 7,
    "fields": {
      "sort": "project",
      "code": "project.member",
      "name": "구성원 관리",
      "is_default": false,
      "description": ""
    }
  },
  {
    "model": "work.permission",
    "pk": 8,
    "fields": {
      "sort": "project",
      "code": "project.version",
      "name": "버전 관리",
      "is_default": false,
      "description": ""
    }
  },
  {
    "model": "work.permission",
    "pk": 9,
    "fields": {
      "sort": "project",
      "code": "project.create_sub",
      "name": "하위 프로젝트 생성",
      "is_default": false,
      "description": ""
    }
  },
  {
    "model": "work.permission",
    "pk": 10,
    "fields": {
      "sort": "project",
      "code": "project.pub_query",
      "name": "공용 검색 양식 관리",
      "is_default": false,
      "description": ""
    }
  },
  {
    "model": "work.permission",
    "pk": 11,
    "fields": {
      "sort": "project",
      "code": "project.save_query",
      "name": "검색 양식 저장",
      "is_default": true,
      "description": ""
    }
  },
  {
    "model": "work.permission",
    "pk": 12,
    "fields": {
      "sort": "issue",
      "code": "issue.read",
      "name": "업무 보기",
      "is_default": true,
      "description": ""
    }
  },
  {
    "model": "work.permission",
    "pk": 13,
    "fields": {
      "sort": "issue",
      "code": "issue.create",
      "name": "업무 추가",
      "is_default": true,
      "description": ""
    }
  },
  {
    "model": "work.permission",
    "pk": 14,
    "fields": {
      "sort": "issue",
      "code": "issue.update",
      "name": "업무 편집",
      "is_default": false,
      "description": ""
    }
  },
  {
    "model": "work.permission",
    "pk": 15,
    "fields": {
      "sort": "issue",
      "code": "issue.own_update",
      "name": "내 업무 편집",
      "is_default": true,
      "description": ""
    }
  },
  {
    "model": "work.permission",
    "pk": 16,
    "fields": {
      "sort": "issue",
      "code": "issue.copy",
      "name": "업무 복사",
      "is_default": true,
      "description": ""
    }
  },
  {
    "model": "work.permission",
    "pk": 17,
    "fields": {
      "sort": "issue",
      "code": "issue.rel_manage",
      "name": "업무 관계 관리",
      "is_default": true,
      "description": ""
    }
  },
  {
    "model": "work.permission",
    "pk": 18,
    "fields": {
      "sort": "issue",
      "code": "issue.sub_manage",
      "name": "하위 업무 관리",
      "is_default": true,
      "description": ""
    }
  },
  {
    "model": "work.permission",
    "pk": 19,
    "fields": {
      "sort": "issue",
      "code": "issue.public",
      "name": "업무 공개/비공개 설정",
      "is_default": false,
      "description": ""
    }
  },
  {
    "model": "work.permission",
    "pk": 20,
    "fields": {
      "sort": "issue",
      "code": "issue.own_public",
      "name": "내 업무 공개/비공개 설정",
      "is_default": true,
      "description": ""
    }
  },
  {
    "model": "work.permission",
    "pk": 21,
    "fields": {
      "sort": "issue",
      "code": "issue.comment_create",
      "name": "댓글 추가",
      "is_default": true,
      "description": ""
    }
  },
  {
    "model": "work.permission",
    "pk": 22,
    "fields": {
      "sort": "issue",
      "code": "issue.comment_update",
      "name": "댓글 편집",
      "is_default": false,
      "description": ""
    }
  },
  {
    "model": "work.permission",
    "pk": 23,
    "fields": {
      "sort": "issue",
      "code": "issue.comment_own_update",
      "name": "내 댓글 편집",
      "is_default": true,
      "description": ""
    }
  },
  {
    "model": "work.permission",
    "pk": 24,
    "fields": {
      "sort": "issue",
      "code": "issue.private_comment_read",
      "name": "비공개 댓글 보기",
      "is_default": false,
      "description": ""
    }
  },
  {
    "model": "work.permission",
    "pk": 25,
    "fields": {
      "sort": "issue",
      "code": "issue.private_comment_set",
      "name": "댓글 비공개 설정",
      "is_default": false,
      "description": ""
    }
  },
  {
    "model": "work.permission",
    "pk": 26,
    "fields": {
      "sort": "issue",
      "code": "issue.delete",
      "name": "업무 삭제",
      "is_default": false,
      "description": ""
    }
  },
  {
    "model": "work.permission",
    "pk": 27,
    "fields": {
      "sort": "issue",
      "code": "issue.watcher_read",
      "name": "업무 관람자 보기",
      "is_default": false,
      "description": ""
    }
  },
  {
    "model": "work.permission",
    "pk": 28,
    "fields": {
      "sort": "issue",
      "code": "issue.watcher_create",
      "name": "업무 관람자 추가",
      "is_default": false,
      "description": ""
    }
  },
  {
    "model": "work.permission",
    "pk": 29,
    "fields": {
      "sort": "issue",
      "code": "issue.watcher_delete",
      "name": "업무 관람자 삭제",
      "is_default": false,
      "description": ""
    }
  },
  {
    "model": "work.permission",
    "pk": 30,
    "fields": {
      "sort": "issue",
      "code": "issue.import",
      "name": "업무 가져 오기",
      "is_default": false,
      "description": ""
    }
  },
  {
    "model": "work.permission",
    "pk": 31,
    "fields": {
      "sort": "issue",
      "code": "issue.category_manage",
      "name": "업무 범주 관리",
      "is_default": false,
      "description": ""
    }
  },
  {
    "model": "work.permission",
    "pk": 32,
    "fields": {
      "sort": "time",
      "code": "time.read",
      "name": "소요시간 보기",
      "is_default": true,
      "description": ""
    }
  },
  {
    "model": "work.permission",
    "pk": 33,
    "fields": {
      "sort": "time",
      "code": "time.create",
      "name": "소요시간 기록",
      "is_default": true,
      "description": ""
    }
  },
  {
    "model": "work.permission",
    "pk": 34,
    "fields": {
      "sort": "time",
      "code": "time.update",
      "name": "소요시간 편집",
      "is_default": false,
      "description": ""
    }
  },
  {
    "model": "work.permission",
    "pk": 35,
    "fields": {
      "sort": "time",
      "code": "time.own_update",
      "name": "내 소요시간 편집",
      "is_default": true,
      "description": ""
    }
  },
  {
    "model": "work.permission",
    "pk": 36,
    "fields": {
      "sort": "time",
      "code": "time.pro_act_manage",
      "name": "프로젝트 작업내역 관리",
      "is_default": false,
      "description": ""
    }
  },
  {
    "model": "work.permission",
    "pk": 37,
    "fields": {
      "sort": "time",
      "code": "time.other_user_log",
      "name": "다른 사용자 소요시간 입력",
      "is_default": false,
      "description": ""
    }
  },
  {
    "model": "work.permission",
    "pk": 38,
    "fields": {
      "sort": "time",
      "code": "time.entries_import",
      "name": "소요시간 가져오기",
      "is_default": false,
      "description": ""
    }
  },
  {
    "model": "work.permission",
    "pk": 39,
    "fields": {
      "sort": "news",
      "code": "news.read",
      "name": "공지 보기",
      "is_default": true,
      "description": ""
    }
  },
  {
    "model": "work.permission",
    "pk": 40,
    "fields": {
      "sort": "news",
      "code": "news.manage",
      "name": "공지 관리",
      "is_default": false,
      "description": ""
    }
  },
  {
    "model": "work.permission",
    "pk": 41,
    "fields": {
      "sort": "news",
      "code": "news.comment",
      "name": "공지 댓글 달기",
      "is_default": true,
      "description": ""
    }
  },
  {
    "model": "work.permission",
    "pk": 42,
    "fields": {
      "sort": "docs",
      "code": "docs.read",
      "name": "문서 보기",
      "is_default": true,
      "description": ""
    }
  },
  {
    "model": "work.permission",
    "pk": 43,
    "fields": {
      "sort": "docs",
      "code": "docs.create",
      "name": "문서 추가",
      "is_default": false,
      "description": ""
    }
  },
  {
    "model": "work.permission",
    "pk": 44,
    "fields": {
      "sort": "docs",
      "code": "docs.update",
      "name": "문서 편집",
      "is_default": false,
      "description": ""
    }
  },
  {
    "model": "work.permission",
    "pk": 45,
    "fields": {
      "sort": "docs",
      "code": "docs.delete",
      "name": "문서 삭제",
      "is_default": false,
      "description": ""
    }
  },
  {
    "model": "work.permission",
    "pk": 46,
    "fields": {
      "sort": "file",
      "code": "file.read",
      "name": "파일 보기",
      "is_default": true,
      "description": ""
    }
  },
  {
    "model": "work.permission",
    "pk": 47,
    "fields": {
      "sort": "file",
      "code": "file.manage",
      "name": "파일 관리",
      "is_default": false,
      "description": ""
    }
  },
  {
    "model": "work.permission",
    "pk": 48,
    "fields": {
      "sort": "wiki",
      "code": "wiki.read",
      "name": "위키 보기",
      "is_default": true,
      "description": ""
    }
  },
  {
    "model": "work.permission",
    "pk": 49,
    "fields": {
      "sort": "wiki",
      "code": "wiki.history_read",
      "name": "위키 기록 보기",
      "is_default": true,
      "description": ""
    }
  },
  {
    "model": "work.permission",
    "pk": 50,
    "fields": {
      "sort": "wiki",
      "code": "wiki.page_export",
      "name": "위키 페이지 내보내기",
      "is_default": false,
      "description": ""
    }
  },
  {
    "model": "work.permission",
    "pk": 51,
    "fields": {
      "sort": "wiki",
      "code": "wiki.update",
      "name": "위키 페이지 편집",
      "is_default": false,
      "description": ""
    }
  },
  {
    "model": "work.permission",
    "pk": 52,
    "fields": {
      "sort": "wiki",
      "code": "wiki.page_rename",
      "name": "위키 페이지 이름 변경",
      "is_default": false,
      "description": ""
    }
  },
  {
    "model": "work.permission",
    "pk": 53,
    "fields": {
      "sort": "wiki",
      "code": "wiki.page_delete",
      "name": "위키 페이지 삭제",
      "is_default": false,
      "description": ""
    }
  },
  {
    "model": "work.permission",
    "pk": 54,
    "fields": {
      "sort": "wiki",
      "code": "wiki.atachment_delete",
      "name": "첨부파일 삭제",
      "is_default": false,
      "description": ""
    }
  },
  {
    "model": "work.permission",
    "pk": 55,
    "fields": {
      "sort": "wiki",
      "code": "wiki.watcher_read",
      "name": "위키 관람자 보기",
      "is_default": false,
      "description": ""
    }
  },
  {
    "model": "work.permission",
    "pk": 56,
    "fields": {
      "sort": "wiki",
      "code": "wiki.watcher_create",
      "name": "위키 관람자 추가",
      "is_default": false,
      "description": ""
    }
  },
  {
    "model": "work.permission",
    "pk": 57,
    "fields": {
      "sort": "wiki",
      "code": "wiki.watcher_delete",
      "name": "위키 관람자 삭제",
      "is_default": false,
      "description": ""
    }
  },
  {
    "model": "work.permission",
    "pk": 58,
    "fields": {
      "sort": "wiki",
      "code": "wiki.page_project",
      "name": "프로젝트 위키 페이지",
      "is_default": false,
      "description": ""
    }
  },
  {
    "model": "work.permission",
    "pk": 59,
    "fields": {
      "sort": "wiki",
      "code": "wiki.manage",
      "name": "위키 관리",
      "is_default": false,
      "description": ""
    }
  },
  {
    "model": "work.permission",
    "pk": 60,
    "fields": {
      "sort": "repo",
      "code": "repo.changeset_read",
      "name": "변경 묶음 보기",
      "is_default": true,
      "description": ""
    }
  },
  {
    "model": "work.permission",
    "pk": 61,
    "fields": {
      "sort": "repo",
      "code": "repo.read",
      "name": "저장소 보기",
      "is_default": true,
      "description": ""
    }
  },
  {
    "model": "work.permission",
    "pk": 62,
    "fields": {
      "sort": "repo",
      "code": "repo.commit_access",
      "name": "변경 로그 보기",
      "is_default": true,
      "description": ""
    }
  },
  {
    "model": "work.permission",
    "pk": 63,
    "fields": {
      "sort": "repo",
      "code": "repo.rel_issue_manage",
      "name": "연결된 업무 관리",
      "is_default": false,
      "description": ""
    }
  },
  {
    "model": "work.permission",
    "pk": 64,
    "fields": {
      "sort": "repo",
      "code": "repo.manage",
      "name": "저장소 관리",
      "is_default": false,
      "description": ""
    }
  },
  {
    "model": "work.permission",
    "pk": 65,
    "fields": {
      "sort": "forum",
      "code": "forum.read",
      "name": "게시물 보기",
      "is_default": true,
      "description": ""
    }
  },
  {
    "model": "work.permission",
    "pk": 66,
    "fields": {
      "sort": "forum",
      "code": "forum.create",
      "name": "게시물 추가",
      "is_default": true,
      "description": ""
    }
  },
  {
    "model": "work.permission",
    "pk": 67,
    "fields": {
      "sort": "forum",
      "code": "forum.update",
      "name": "게시물 편집",
      "is_default": false,
      "description": ""
    }
  },
  {
    "model": "work.permission",
    "pk": 68,
    "fields": {
      "sort": "forum",
      "code": "forum.own_update",
      "name": "내 게시물 편집",
      "is_default": true,
      "description": ""
    }
  },
  {
    "model": "work.permission",
    "pk": 69,
    "fields": {
      "sort": "forum",
      "code": "forum.delete",
      "name": "게시물 삭제",
      "is_default": false,
      "description": ""
    }
  },
  {
    "model": "work.permission",
    "pk": 70,
    "fields": {
      "sort": "forum",
      "code": "forum.own_delete",
      "name": "내 게시물 삭제",
      "is_default": false,
      "description": ""
    }
  },
  {
    "model": "work.permission",
    "pk": 71,
    "fields": {
      "sort": "forum",
      "code": "forum.watcher_read",
      "name": "게시물 관람자 보기",
      "is_default": true,
      "description": ""
    }
  },
  {
    "model": "work.permission",
    "pk": 72,
    "fields": {
      "sort": "forum",
      "code": "forum.watcher_create",
      "name": "게시물 관람자 추가",
      "is_default": false,
      "description": ""
    }
  },
  {
    "model": "work.permission",
    "pk": 73,
    "fields": {
      "sort": "forum",
      "code": "forum.watcher_delete",
      "name": "게시물 관람자 삭제",
      "is_default": false,
      "description": ""
    }
  },
  {
    "model": "work.permission",
    "pk": 74,
    "fields": {
      "sort": "forum",
      "code": "forum.manage",
      "name": "게시판 관리",
      "is_default": false,
      "description": ""
    }
  },
  {
    "model": "work.permission",
    "pk": 75,
    "fields": {
      "sort": "calendar",
      "code": "calendar.read",
      "name": "달력 보기",
      "is_default": true,
      "description": ""
    }
  },
  {
    "model": "work.permission",
    "pk": 76,
    "fields": {
      "sort": "gantt",
      "code": "gantt.read",
      "name": "간트차트 보기",
      "is_default": true,
      "description": ""
    }
  },
  {
    "model": "work.tracker",
    "pk": 1,
    "fields": {
      "name": "결함",
      "description": "프로그램 오류, 버그 수정",
      "is_in_roadmap": true,
      "default_status": 1,
      "order": 1,
      "created": "2024-07-10T03:51:24.582Z",
      "updated": "2024-07-10T03:51:24.582Z",
      "creator": 1
    }
  },
  {
    "model": "work.tracker",
    "pk": 2,
    "fields": {
      "name": "기능",
      "description": "기능 개선 및 신규 기능 추가",
      "is_in_roadmap": true,
      "default_status": 1,
      "order": 1,
      "created": "2024-07-10T03:51:24.584Z",
      "updated": "2024-07-10T03:51:24.584Z",
      "creator": 1
    }
  },
  {
    "model": "work.tracker",
    "pk": 3,
    "fields": {
      "name": "지원",
      "description": "QA 테스트, 오류보고 및 검증",
      "is_in_roadmap": true,
      "default_status": 1,
      "order": 1,
      "created": "2024-07-10T03:51:24.587Z",
      "updated": "2024-07-10T03:51:24.587Z",
      "creator": 1
    }
  },
  {
    "model": "work.tracker",
    "pk": 4,
    "fields": {
      "name": "기획개발",
      "description": "사업계획, 부지선정 및 협의, 설계, 예산 관리, 인허가, 대관 업무",
      "is_in_roadmap": true,
      "default_status": 1,
      "order": 1,
      "created": "2024-07-10T03:51:24.590Z",
      "updated": "2024-12-23T02:09:58.994Z",
      "creator": 1
    }
  },
  {
    "model": "work.tracker",
    "pk": 5,
    "fields": {
      "name": "고객관리",
      "description": "분양/마케팅, 고객 고지 업무, 개별 민원 처리, 각종 정보공개 등",
      "is_in_roadmap": true,
      "default_status": 1,
      "order": 1,
      "created": "2024-07-10T03:51:24.593Z",
      "updated": "2024-12-23T02:18:34.378Z",
      "creator": 1
    }
  },
  {
    "model": "work.tracker",
    "pk": 6,
    "fields": {
      "name": "운영관리",
      "description": "계약, 자금 회계 및 데이터 관리, 금융 관련 업무, 각종 행사 지원",
      "is_in_roadmap": true,
      "default_status": 1,
      "order": 1,
      "created": "2024-07-10T03:51:24.595Z",
      "updated": "2024-12-23T02:24:32.184Z",
      "creator": 1
    }
  },
  {
    "model": "work.tracker",
    "pk": 7,
    "fields": {
      "name": "공사지원",
      "description": "현장 인계, 건설 관리 및 공사 민원 처리 지원, 입주 청산 지원",
      "is_in_roadmap": true,
      "default_status": 1,
      "order": 1,
      "created": "2024-12-23T02:08:33.472Z",
      "updated": "2024-12-23T02:21:10.205Z",
      "creator": 1
    }
  },
  {
    "model": "work.issuestatus",
    "pk": 1,
    "fields": {
      "name": "신규",
      "description": "",
      "closed": false,
      "order": 1,
      "created": "2024-02-29T04:17:23.937Z",
      "updated": "2024-02-29T04:17:23.937Z",
      "creator": 1
    }
  },
  {
    "model": "work.issuestatus",
    "pk": 2,
    "fields": {
      "name": "진행",
      "description": "",
      "closed": false,
      "order": 1,
      "created": "2024-02-29T04:17:35.601Z",
      "updated": "2024-02-29T04:17:35.601Z",
      "creator": 1
    }
  },
  {
    "model": "work.issuestatus",
    "pk": 3,
    "fields": {
      "name": "해결",
      "description": "",
      "closed": false,
      "order": 1,
      "created": "2024-02-29T04:17:42.076Z",
      "updated": "2024-02-29T04:17:42.076Z",
      "creator": 1
    }
  },
  {
    "model": "work.issuestatus",
    "pk": 4,
    "fields": {
      "name": "의견",
      "description": "",
      "closed": false,
      "order": 1,
      "created": "2024-02-29T04:17:48.948Z",
      "updated": "2024-02-29T04:17:48.948Z",
      "creator": 1
    }
  },
  {
    "model": "work.issuestatus",
    "pk": 5,
    "fields": {
      "name": "종료",
      "description": "",
      "closed": true,
      "order": 1,
      "created": "2024-02-29T04:17:58.034Z",
      "updated": "2024-02-29T04:17:58.034Z",
      "creator": 1
    }
  },
  {
    "model": "work.issuestatus",
    "pk": 6,
    "fields": {
      "name": "거절",
      "description": "",
      "closed": true,
      "order": 1,
      "created": "2024-02-29T04:18:07.402Z",
      "updated": "2024-02-29T04:18:07.402Z",
      "creator": 1
    }
  },
  {
    "model": "work.codeactivity",
    "pk": 1,
    "fields": {
      "name": "디자인",
      "active": true,
      "default": false,
      "order": 1,
      "created": "2024-02-29T04:28:37Z",
      "updated": "2024-07-03T22:58:48.951Z",
      "creator": 1
    }
  },
  {
    "model": "work.codeactivity",
    "pk": 2,
    "fields": {
      "name": "개발",
      "active": true,
      "default": false,
      "order": 1,
      "created": "2024-02-29T04:28:43Z",
      "updated": "2024-07-03T22:58:48.964Z",
      "creator": 1
    }
  },
  {
    "model": "work.codeactivity",
    "pk": 3,
    "fields": {
      "name": "문서작성",
      "active": true,
      "default": false,
      "order": 1,
      "created": "2024-06-03T06:18:47Z",
      "updated": "2024-12-23T02:35:35.127Z",
      "creator": 1
    }
  },
  {
    "model": "work.codeactivity",
    "pk": 4,
    "fields": {
      "name": "데이터입력",
      "active": true,
      "default": false,
      "order": 1,
      "created": "2024-06-03T06:18:47Z",
      "updated": "2024-12-23T02:35:42.776Z",
      "creator": 1
    }
  },
  {
    "model": "work.codeactivity",
    "pk": 5,
    "fields": {
      "name": "회의진행",
      "active": true,
      "default": false,
      "order": 1,
      "created": "2024-06-03T06:18:47Z",
      "updated": "2024-12-23T02:35:50.549Z",
      "creator": 1
    }
  },
  {
    "model": "work.codeactivity",
    "pk": 6,
    "fields": {
      "name": "민원처리",
      "active": true,
      "default": false,
      "order": 1,
      "created": "2024-06-03T06:18:47Z",
      "updated": "2024-12-23T02:36:00.842Z",
      "creator": 1
    }
  },
  {
    "model": "work.codeactivity",
    "pk": 7,
    "fields": {
      "name": "출장이동",
      "active": true,
      "default": false,
      "order": 1,
      "created": "2024-06-03T06:18:47Z",
      "updated": "2024-12-23T02:36:07.397Z",
      "creator": 1
    }
  },
  {
    "model": "work.codeactivity",
    "pk": 8,
    "fields": {
      "name": "기타업무",
      "active": true,
      "default": false,
      "order": 1,
      "created": "2024-06-03T06:18:47Z",
      "updated": "2024-12-23T02:36:13.830Z",
      "creator": 1
    }
  },
  {
    "model": "work.codeissuepriority",
    "pk": 1,
    "fields": {
      "name": "낮음",
      "active": true,
      "default": false,
      "order": 1,
      "created": "2024-02-29T04:28:58.277Z",
      "updated": "2024-02-29T04:28:58.277Z",
      "creator": 1
    }
  },
  {
    "model": "work.codeissuepriority",
    "pk": 2,
    "fields": {
      "name": "보통",
      "active": true,
      "default": true,
      "order": 1,
      "created": "2024-02-29T04:29:05.753Z",
      "updated": "2024-02-29T04:29:05.753Z",
      "creator": 1
    }
  },
  {
    "model": "work.codeissuepriority",
    "pk": 3,
    "fields": {
      "name": "높음",
      "active": true,
      "default": false,
      "order": 1,
      "created": "2024-02-29T04:29:12.874Z",
      "updated": "2024-02-29T04:29:12.874Z",
      "creator": 1
    }
  },
  {
    "model": "work.codeissuepriority",
    "pk": 4,
    "fields": {
      "name": "긴급",
      "active": true,
      "default": false,
      "order": 1,
      "created": "2024-02-29T04:29:18.401Z",
      "updated": "2024-02-29T04:29:18.401Z",
      "creator": 1
    }
  },
  {
    "model": "work.codeissuepriority",
    "pk": 5,
    "fields": {
      "name": "즉시",
      "active": true,
      "default": false,
      "order": 1,
      "created": "2024-02-29T04:29:24.243Z",
      "updated": "2024-02-29T04:29:24.243Z",
      "creator": 1
    }
  },
  {
    "model": "work.codedocscategory",
    "pk": 1,
    "fields": {
      "name": "사용자 문서",
      "active": true,
      "default": false,
      "order": 1,
      "created": "2024-02-29T04:29:40.571Z",
      "updated": "2024-02-29T04:29:40.571Z",
      "creator": 1
    }
  },
  {
    "model": "work.codedocscategory",
    "pk": 2,
    "fields": {
      "name": "기술 문서",
      "active": true,
      "default": false,
      "order": 1,
      "created": "2024-02-29T04:29:46.856Z",
      "updated": "2024-02-29T04:29:46.856Z",
      "creator": 1
    }
  }
]
